,proba_0,proba_1,proba_2,proba_3,proba_4,proba_5,proba_6,proba_7,proba_8,proba_9,proba_10,proba_11,proba_12,proba_13,proba_14,proba_15,proba_16,proba_17,proba_18,proba_19,proba_20,proba_21,proba_22,proba_23,proba_24,proba_25,proba_26,proba_27,proba_28,proba_29,proba_30,proba_31,proba_32,proba_33,proba_34,proba_35,proba_36
0,0.0,0.0,0.0,0.0,0.018,0.004,0.0,0.002,0.002,0.004,0.014,0.096,0.0,0.0,0.0,0.778,0.03,0.0,0.004,0.0,0.0,0.0,0.01,0.0,0.0,0.0,0.0,0.002,0.0,0.0,0.002,0.0,0.0,0.002,0.004,0.028,0.0
1,0.0,0.0,0.0,0.0,0.0,0.104,0.0,0.0,0.004,0.0,0.066,0.03,0.0,0.02,0.0,0.004,0.004,0.006,0.01,0.0,0.0,0.0,0.0,0.0,0.0,0.0,0.0,0.0,0.0,0.0,0.0,0.0,0.0,0.0,0.05,0.702,0.0
2,0.0,0.0,0.0,0.0,0.0,0.0,0.0,0.0,0.0,0.0,0.0,0.0,0.0,0.0,0.0,0.0,0.0,0.0,0.0,0.0,0.0,0.0,0.216,0.0,0.0,0.0,0.0,0.094,0.002,0.0,0.0,0.0,0.0,0.496,0.0,0.0,0.192
3,0.0,0.004,0.008,0.0,0.002,0.0,0.032,0.174,0.0,0.0,0.002,0.0,0.0,0.0,0.0,0.0,0.0,0.0,0.0,0.004,0.0,0.354,0.0,0.0,0.004,0.016,0.014,0.004,0.002,0.026,0.0,0.33,0.012,0.0,0.0,0.0,0.012
4,0.002,0.002,0.0,0.0,0.018,0.0,0.0,0.004,0.0,0.008,0.072,0.352,0.0,0.0,0.006,0.424,0.0,0.018,0.004,0.012,0.002,0.002,0.014,0.0,0.006,0.0,0.002,0.0,0.002,0.0,0.01,0.0,0.012,0.002,0.014,0.002,0.01
5,0.0,0.0,0.0,0.0,0.0,0.0,0.0,0.0,0.0,0.0,0.0,0.0,0.0,0.028,0.0,0.0,0.004,0.0,0.0,0.0,0.0,0.0,0.17,0.228,0.0,0.0,0.0,0.148,0.02,0.086,0.01,0.0,0.0,0.122,0.002,0.0,0.182
6,0.002,0.0,0.0,0.0,0.0,0.002,0.024,0.0,0.0,0.0,0.0,0.002,0.0,0.024,0.0,0.0,0.002,0.0,0.0,0.004,0.002,0.008,0.0,0.806,0.0,0.0,0.0,0.0,0.028,0.056,0.012,0.004,0.012,0.0,0.0,0.0,0.012
7,0.0,0.566,0.062,0.042,0.0,0.0,0.0,0.002,0.0,0.26,0.004,0.002,0.0,0.0,0.0,0.0,0.0,0.05,0.004,0.002,0.0,0.0,0.002,0.0,0.0,0.0,0.0,0.0,0.0,0.0,0.0,0.002,0.0,0.0,0.002,0.0,0.0
8,0.02,0.0,0.0,0.0,0.0,0.0,0.04,0.0,0.0,0.0,0.0,0.0,0.002,0.034,0.022,0.006,0.002,0.0,0.0,0.006,0.004,0.054,0.006,0.172,0.002,0.008,0.0,0.088,0.224,0.118,0.012,0.026,0.108,0.0,0.002,0.0,0.044
9,0.0,0.0,0.0,0.0,0.088,0.038,0.016,0.0,0.0,0.0,0.004,0.002,0.0,0.51,0.0,0.002,0.004,0.006,0.022,0.0,0.0,0.034,0.002,0.016,0.01,0.006,0.044,0.0,0.002,0.132,0.0,0.0,0.01,0.0,0.046,0.002,0.004
10,0.0,0.0,0.0,0.0,0.004,0.002,0.004,0.0,0.0,0.0,0.0,0.0,0.0,0.048,0.002,0.0,0.0,0.0,0.0,0.0,0.0,0.002,0.002,0.834,0.0,0.0,0.0,0.004,0.026,0.046,0.016,0.0,0.0,0.0,0.0,0.0,0.01
11,0.0,0.0,0.0,0.0,0.01,0.162,0.0,0.0,0.008,0.0,0.034,0.0,0.0,0.5,0.0,0.004,0.0,0.0,0.178,0.0,0.0,0.01,0.0,0.0,0.002,0.0,0.0,0.0,0.0,0.016,0.0,0.0,0.002,0.002,0.05,0.02,0.002
12,0.0,0.01,0.046,0.02,0.0,0.002,0.002,0.0,0.0,0.0,0.0,0.0,0.0,0.0,0.0,0.0,0.0,0.006,0.166,0.01,0.002,0.004,0.0,0.0,0.43,0.082,0.104,0.002,0.0,0.066,0.0,0.032,0.016,0.0,0.0,0.0,0.0
13,0.002,0.228,0.134,0.06,0.002,0.004,0.0,0.0,0.0,0.02,0.0,0.002,0.002,0.002,0.0,0.0,0.002,0.288,0.084,0.0,0.01,0.002,0.002,0.0,0.138,0.004,0.006,0.002,0.0,0.002,0.0,0.004,0.0,0.0,0.0,0.0,0.0
14,0.0,0.0,0.006,0.006,0.002,0.0,0.038,0.036,0.0,0.002,0.0,0.0,0.0,0.0,0.0,0.0,0.0,0.006,0.008,0.032,0.006,0.102,0.0,0.0,0.016,0.076,0.032,0.0,0.002,0.06,0.0,0.558,0.01,0.0,0.0,0.0,0.002
15,0.156,0.0,0.0,0.0,0.0,0.0,0.01,0.016,0.0,0.0,0.004,0.0,0.042,0.004,0.002,0.0,0.0,0.0,0.004,0.056,0.016,0.032,0.02,0.008,0.0,0.01,0.0,0.102,0.07,0.03,0.036,0.152,0.19,0.0,0.0,0.0,0.04
16,0.0,0.442,0.042,0.052,0.0,0.0,0.0,0.024,0.0,0.032,0.004,0.024,0.004,0.0,0.0,0.0,0.0,0.232,0.038,0.028,0.016,0.004,0.002,0.0,0.034,0.004,0.0,0.002,0.0,0.0,0.0,0.01,0.002,0.0,0.0,0.0,0.004
17,0.0,0.01,0.004,0.086,0.0,0.0,0.038,0.026,0.0,0.006,0.002,0.0,0.0,0.0,0.0,0.0,0.0,0.034,0.024,0.024,0.044,0.074,0.006,0.0,0.106,0.376,0.008,0.006,0.0,0.032,0.0,0.074,0.02,0.0,0.0,0.0,0.0
18,0.0,0.0,0.0,0.0,0.0,0.0,0.0,0.0,0.0,0.0,0.0,0.0,0.0,0.024,0.0,0.0,0.074,0.0,0.0,0.0,0.0,0.0,0.036,0.018,0.0,0.0,0.0,0.362,0.042,0.004,0.32,0.0,0.0,0.07,0.0,0.0,0.05
19,0.006,0.0,0.0,0.0,0.0,0.0,0.002,0.0,0.0,0.0,0.0,0.0,0.0,0.068,0.078,0.0,0.004,0.0,0.0,0.0,0.0,0.002,0.006,0.012,0.0,0.0,0.002,0.114,0.248,0.22,0.062,0.0,0.004,0.0,0.0,0.0,0.172
20,0.0,0.202,0.01,0.418,0.0,0.0,0.0,0.004,0.0,0.01,0.0,0.0,0.0,0.0,0.0,0.0,0.0,0.174,0.016,0.018,0.012,0.0,0.004,0.0,0.086,0.03,0.0,0.0,0.0,0.0,0.0,0.016,0.0,0.0,0.0,0.0,0.0
21,0.0,0.0,0.0,0.0,0.004,0.0,0.002,0.0,0.0,0.0,0.0,0.002,0.0,0.108,0.038,0.002,0.006,0.0,0.002,0.0,0.0,0.0,0.012,0.048,0.0,0.0,0.0,0.044,0.454,0.052,0.158,0.0,0.002,0.008,0.002,0.0,0.056
22,0.0,0.002,0.002,0.0,0.0,0.0,0.0,0.066,0.0,0.004,0.01,0.006,0.026,0.0,0.0,0.0,0.0,0.016,0.0,0.176,0.626,0.002,0.014,0.0,0.002,0.012,0.0,0.006,0.0,0.0,0.006,0.018,0.006,0.0,0.0,0.0,0.0
23,0.02,0.0,0.0,0.0,0.004,0.0,0.104,0.002,0.0,0.0,0.002,0.0,0.002,0.006,0.002,0.002,0.002,0.0,0.0,0.008,0.002,0.078,0.006,0.066,0.004,0.028,0.0,0.052,0.124,0.096,0.002,0.03,0.288,0.0,0.0,0.0,0.07
24,0.0,0.0,0.0,0.0,0.0,0.0,0.0,0.0,0.0,0.0,0.0,0.0,0.0,0.0,0.0,0.0,0.0,0.0,0.0,0.0,0.0,0.0,0.356,0.002,0.0,0.0,0.0,0.208,0.002,0.004,0.002,0.0,0.0,0.38,0.0,0.0,0.046
25,0.002,0.072,0.476,0.124,0.006,0.004,0.0,0.0,0.0,0.04,0.004,0.0,0.0,0.0,0.0,0.0,0.0,0.032,0.05,0.002,0.004,0.002,0.002,0.0,0.138,0.006,0.022,0.0,0.0,0.006,0.0,0.002,0.006,0.0,0.0,0.0,0.0
26,0.0,0.562,0.026,0.176,0.0,0.0,0.0,0.004,0.0,0.05,0.0,0.036,0.002,0.0,0.0,0.0,0.0,0.09,0.004,0.026,0.004,0.0,0.0,0.0,0.0,0.014,0.0,0.0,0.0,0.0,0.0,0.004,0.0,0.0,0.0,0.0,0.002
27,0.0,0.0,0.0,0.0,0.0,0.0,0.0,0.0,0.0,0.0,0.0,0.0,0.0,0.054,0.038,0.0,0.014,0.0,0.0,0.0,0.0,0.0,0.0,0.028,0.0,0.0,0.0,0.114,0.364,0.214,0.096,0.0,0.0,0.002,0.0,0.0,0.076
28,0.0,0.006,0.008,0.014,0.0,0.0,0.02,0.034,0.0,0.004,0.0,0.0,0.0,0.0,0.0,0.0,0.0,0.004,0.024,0.01,0.004,0.138,0.0,0.0,0.044,0.038,0.038,0.0,0.0,0.034,0.0,0.574,0.0,0.0,0.002,0.0,0.004
29,0.0,0.0,0.002,0.002,0.0,0.0,0.08,0.124,0.0,0.0,0.0,0.0,0.0,0.0,0.0,0.0,0.0,0.002,0.008,0.028,0.03,0.16,0.002,0.0,0.006,0.078,0.012,0.0,0.0,0.108,0.002,0.356,0.0,0.0,0.0,0.0,0.0
30,0.0,0.006,0.004,0.0,0.244,0.092,0.01,0.012,0.0,0.008,0.014,0.014,0.0,0.022,0.0,0.004,0.0,0.058,0.1,0.004,0.0,0.104,0.0,0.022,0.022,0.012,0.024,0.002,0.0,0.08,0.0,0.01,0.02,0.0,0.038,0.0,0.074
31,0.002,0.004,0.0,0.0,0.0,0.0,0.0,0.006,0.0,0.004,0.05,0.44,0.0,0.002,0.026,0.304,0.054,0.018,0.0,0.012,0.008,0.016,0.004,0.0,0.0,0.0,0.0,0.002,0.002,0.0,0.014,0.0,0.012,0.002,0.002,0.0,0.016
32,0.002,0.002,0.0,0.002,0.0,0.0,0.0,0.218,0.0,0.0,0.008,0.0,0.04,0.0,0.0,0.0,0.0,0.01,0.002,0.09,0.468,0.002,0.052,0.0,0.0,0.02,0.0,0.026,0.0,0.0,0.03,0.024,0.004,0.0,0.0,0.0,0.0
33,0.0,0.03,0.0,0.166,0.0,0.0,0.002,0.0,0.0,0.008,0.0,0.0,0.0,0.0,0.0,0.0,0.0,0.076,0.004,0.128,0.07,0.014,0.002,0.0,0.102,0.356,0.0,0.012,0.0,0.004,0.004,0.016,0.006,0.0,0.0,0.0,0.0
34,0.0,0.0,0.0,0.0,0.0,0.002,0.0,0.0,0.0,0.0,0.002,0.002,0.0,0.0,0.0,0.0,0.0,0.0,0.0,0.0,0.0,0.0,0.0,0.0,0.0,0.0,0.0,0.0,0.0,0.0,0.0,0.0,0.0,0.0,0.008,0.986,0.0
35,0.0,0.0,0.0,0.0,0.186,0.018,0.0,0.012,0.0,0.0,0.006,0.01,0.0,0.014,0.0,0.024,0.002,0.008,0.026,0.0,0.0,0.026,0.004,0.006,0.006,0.004,0.002,0.0,0.0,0.014,0.0,0.0,0.002,0.0,0.614,0.0,0.016
36,0.024,0.0,0.0,0.0,0.002,0.004,0.012,0.008,0.0,0.0,0.014,0.0,0.008,0.086,0.05,0.0,0.012,0.0,0.002,0.002,0.004,0.03,0.02,0.098,0.0,0.0,0.0,0.074,0.138,0.07,0.034,0.006,0.022,0.004,0.0,0.0,0.276
37,0.0,0.002,0.0,0.004,0.0,0.0,0.004,0.198,0.0,0.0,0.014,0.004,0.022,0.0,0.0,0.0,0.0,0.012,0.002,0.326,0.31,0.002,0.014,0.002,0.002,0.02,0.0,0.008,0.0,0.0,0.008,0.042,0.004,0.0,0.0,0.0,0.0
38,0.002,0.0,0.0,0.0,0.054,0.0,0.248,0.0,0.0,0.0,0.002,0.004,0.0,0.014,0.002,0.014,0.0,0.0,0.004,0.004,0.0,0.06,0.004,0.262,0.002,0.042,0.022,0.004,0.006,0.058,0.002,0.002,0.094,0.002,0.046,0.0,0.046
39,0.0,0.0,0.0,0.0,0.008,0.22,0.0,0.0,0.002,0.002,0.402,0.014,0.0,0.018,0.0,0.012,0.0,0.002,0.04,0.0,0.002,0.0,0.002,0.0,0.0,0.0,0.0,0.0,0.0,0.0,0.0,0.0,0.0,0.0,0.202,0.074,0.0
40,0.0,0.002,0.0,0.0,0.006,0.006,0.0,0.002,0.0,0.004,0.004,0.878,0.0,0.0,0.0,0.064,0.002,0.004,0.008,0.006,0.0,0.006,0.002,0.0,0.0,0.0,0.0,0.0,0.0,0.0,0.0,0.0,0.0,0.0,0.002,0.0,0.004
41,0.0,0.006,0.0,0.0,0.008,0.002,0.0,0.01,0.0,0.01,0.042,0.718,0.0,0.0,0.014,0.116,0.008,0.008,0.0,0.014,0.004,0.006,0.006,0.0,0.002,0.0,0.0,0.002,0.0,0.002,0.004,0.0,0.008,0.0,0.006,0.0,0.004
42,0.006,0.0,0.002,0.002,0.0,0.0,0.004,0.614,0.0,0.006,0.05,0.008,0.01,0.0,0.0,0.0,0.0,0.012,0.002,0.03,0.036,0.022,0.018,0.0,0.004,0.014,0.0,0.002,0.0,0.0,0.006,0.106,0.032,0.0,0.0,0.0,0.014
43,0.0,0.0,0.0,0.0,0.008,0.466,0.0,0.0,0.004,0.0,0.036,0.002,0.0,0.088,0.0,0.014,0.024,0.0,0.04,0.0,0.0,0.004,0.0,0.004,0.0,0.0,0.0,0.0,0.0,0.006,0.0,0.0,0.0,0.0,0.224,0.074,0.006
44,0.0,0.004,0.0,0.0,0.006,0.004,0.0,0.0,0.0,0.014,0.022,0.862,0.0,0.0,0.0,0.02,0.006,0.018,0.01,0.0,0.0,0.006,0.0,0.0,0.0,0.0,0.002,0.0,0.0,0.002,0.0,0.0,0.0,0.0,0.006,0.018,0.0
45,0.006,0.0,0.0,0.0,0.002,0.0,0.0,0.0,0.0,0.0,0.0,0.002,0.0,0.002,0.808,0.0,0.02,0.0,0.0,0.0,0.002,0.004,0.002,0.0,0.0,0.0,0.0,0.05,0.036,0.022,0.036,0.0,0.002,0.0,0.0,0.0,0.006
46,0.002,0.0,0.0,0.0,0.0,0.0,0.378,0.006,0.0,0.0,0.0,0.0,0.0,0.0,0.0,0.0,0.0,0.004,0.004,0.018,0.0,0.056,0.0,0.002,0.004,0.2,0.006,0.002,0.0,0.174,0.0,0.138,0.004,0.0,0.002,0.0,0.0
47,0.192,0.002,0.0,0.0,0.0,0.0,0.0,0.068,0.0,0.0,0.012,0.0,0.13,0.0,0.002,0.0,0.014,0.006,0.0,0.056,0.194,0.0,0.078,0.0,0.002,0.01,0.0,0.014,0.004,0.006,0.076,0.032,0.102,0.0,0.0,0.0,0.0
48,0.0,0.094,0.072,0.064,0.0,0.016,0.0,0.0,0.0,0.008,0.0,0.0,0.002,0.002,0.0,0.0,0.0,0.044,0.13,0.026,0.006,0.0,0.0,0.0,0.458,0.028,0.03,0.002,0.0,0.006,0.0,0.006,0.006,0.0,0.0,0.0,0.0
49,0.0,0.0,0.0,0.0,0.002,0.006,0.0,0.0,0.0,0.0,0.018,0.04,0.006,0.01,0.006,0.67,0.052,0.008,0.002,0.0,0.0,0.006,0.052,0.014,0.0,0.0,0.0,0.026,0.002,0.004,0.03,0.0,0.002,0.024,0.004,0.002,0.014
50,0.0,0.0,0.0,0.0,0.132,0.008,0.024,0.004,0.0,0.0,0.004,0.004,0.0,0.408,0.0,0.002,0.002,0.002,0.01,0.0,0.0,0.046,0.002,0.042,0.02,0.01,0.082,0.0,0.002,0.084,0.0,0.0,0.026,0.0,0.068,0.004,0.014
51,0.064,0.0,0.0,0.0,0.0,0.0,0.0,0.0,0.0,0.0,0.002,0.0,0.0,0.0,0.834,0.0,0.01,0.0,0.0,0.0,0.012,0.0,0.01,0.0,0.0,0.0,0.0,0.042,0.004,0.0,0.01,0.0,0.002,0.0,0.0,0.0,0.01
52,0.102,0.0,0.0,0.0,0.0,0.0,0.0,0.03,0.0,0.0,0.006,0.004,0.48,0.0,0.0,0.0,0.006,0.004,0.0,0.044,0.04,0.008,0.074,0.0,0.002,0.01,0.0,0.034,0.0,0.004,0.116,0.028,0.008,0.0,0.0,0.0,0.0
53,0.0,0.002,0.0,0.0,0.04,0.028,0.0,0.002,0.0,0.008,0.068,0.176,0.0,0.012,0.0,0.05,0.006,0.002,0.02,0.0,0.0,0.002,0.0,0.006,0.0,0.0,0.0,0.0,0.0,0.02,0.0,0.0,0.002,0.0,0.06,0.49,0.006
54,0.0,0.0,0.0,0.0,0.002,0.0,0.002,0.0,0.0,0.0,0.002,0.004,0.002,0.078,0.03,0.002,0.04,0.0,0.0,0.0,0.0,0.004,0.014,0.06,0.0,0.0,0.0,0.25,0.124,0.038,0.23,0.0,0.008,0.01,0.0,0.0,0.1
55,0.0,0.0,0.002,0.0,0.004,0.0,0.0,0.002,0.0,0.002,0.012,0.94,0.0,0.0,0.0,0.008,0.004,0.006,0.002,0.002,0.002,0.01,0.0,0.0,0.0,0.0,0.0,0.0,0.0,0.0,0.0,0.0,0.0,0.0,0.0,0.0,0.004
56,0.0,0.044,0.048,0.016,0.002,0.016,0.002,0.004,0.0,0.002,0.0,0.0,0.0,0.004,0.0,0.0,0.0,0.024,0.294,0.014,0.002,0.004,0.0,0.0,0.334,0.056,0.07,0.002,0.0,0.02,0.0,0.026,0.016,0.0,0.0,0.0,0.0
57,0.0,0.002,0.008,0.0,0.008,0.008,0.012,0.006,0.0,0.0,0.0,0.0,0.0,0.004,0.0,0.0,0.0,0.0,0.102,0.0,0.0,0.014,0.0,0.0,0.064,0.002,0.568,0.0,0.0,0.146,0.0,0.03,0.022,0.0,0.002,0.0,0.002
58,0.002,0.002,0.006,0.004,0.002,0.0,0.014,0.012,0.0,0.0,0.006,0.0,0.0,0.0,0.0,0.0,0.0,0.012,0.002,0.308,0.082,0.014,0.012,0.0,0.006,0.36,0.008,0.012,0.0,0.026,0.008,0.064,0.036,0.0,0.0,0.0,0.002
59,0.0,0.044,0.022,0.026,0.0,0.0,0.0,0.036,0.0,0.708,0.02,0.028,0.002,0.0,0.0,0.012,0.0,0.012,0.0,0.012,0.048,0.002,0.012,0.0,0.0,0.006,0.0,0.002,0.0,0.0,0.002,0.002,0.002,0.0,0.0,0.0,0.002
60,0.0,0.068,0.048,0.038,0.0,0.008,0.0,0.028,0.0,0.0,0.0,0.002,0.0,0.002,0.0,0.0,0.0,0.106,0.342,0.016,0.008,0.01,0.0,0.0,0.198,0.008,0.034,0.0,0.0,0.012,0.0,0.07,0.002,0.0,0.0,0.0,0.0
61,0.02,0.002,0.0,0.0,0.0,0.0,0.002,0.0,0.0,0.002,0.01,0.016,0.018,0.002,0.0,0.002,0.828,0.0,0.0,0.006,0.028,0.012,0.006,0.002,0.0,0.002,0.0,0.008,0.0,0.002,0.008,0.0,0.022,0.0,0.0,0.0,0.002
62,0.078,0.0,0.0,0.002,0.0,0.0,0.0,0.042,0.0,0.0,0.008,0.002,0.644,0.0,0.0,0.0,0.004,0.0,0.0,0.028,0.05,0.002,0.058,0.0,0.002,0.0,0.0,0.008,0.0,0.004,0.04,0.016,0.012,0.0,0.0,0.0,0.0
63,0.002,0.0,0.0,0.0,0.0,0.0,0.0,0.0,0.0,0.0,0.0,0.0,0.002,0.01,0.004,0.002,0.018,0.0,0.0,0.0,0.0,0.002,0.14,0.078,0.0,0.0,0.0,0.288,0.024,0.006,0.108,0.0,0.0,0.236,0.0,0.0,0.08
64,0.0,0.714,0.008,0.134,0.0,0.0,0.0,0.0,0.0,0.102,0.0,0.006,0.0,0.0,0.0,0.0,0.0,0.014,0.002,0.016,0.002,0.0,0.0,0.0,0.0,0.0,0.0,0.0,0.0,0.0,0.0,0.002,0.0,0.0,0.0,0.0,0.0
65,0.0,0.014,0.016,0.0,0.016,0.056,0.0,0.0,0.0,0.098,0.53,0.018,0.0,0.018,0.0,0.022,0.0,0.008,0.034,0.0,0.0,0.0,0.006,0.0,0.0,0.0,0.0,0.0,0.0,0.002,0.0,0.0,0.0,0.0,0.142,0.02,0.0
66,0.002,0.0,0.0,0.0,0.0,0.002,0.016,0.0,0.0,0.0,0.0,0.004,0.0,0.014,0.0,0.004,0.0,0.0,0.0,0.002,0.0,0.008,0.0,0.866,0.0,0.002,0.0,0.004,0.014,0.038,0.01,0.0,0.006,0.0,0.002,0.0,0.006
67,0.002,0.098,0.044,0.012,0.004,0.006,0.0,0.022,0.0,0.008,0.004,0.0,0.0,0.0,0.0,0.0,0.0,0.582,0.086,0.0,0.012,0.004,0.0,0.0,0.1,0.004,0.002,0.0,0.0,0.0,0.004,0.002,0.0,0.0,0.002,0.0,0.002
68,0.0,0.0,0.0,0.0,0.0,0.0,0.594,0.002,0.0,0.0,0.0,0.0,0.0,0.0,0.0,0.0,0.0,0.002,0.002,0.006,0.0,0.032,0.0,0.004,0.004,0.092,0.008,0.0,0.0,0.198,0.0,0.044,0.01,0.0,0.002,0.0,0.0
69,0.0,0.004,0.002,0.0,0.0,0.002,0.0,0.002,0.0,0.0,0.002,0.96,0.0,0.0,0.002,0.0,0.0,0.008,0.002,0.002,0.0,0.004,0.0,0.0,0.0,0.0,0.002,0.0,0.0,0.0,0.0,0.0,0.002,0.0,0.002,0.004,0.0
70,0.002,0.032,0.126,0.162,0.0,0.0,0.0,0.0,0.0,0.004,0.0,0.0,0.002,0.0,0.0,0.0,0.0,0.034,0.01,0.012,0.008,0.0,0.004,0.0,0.388,0.174,0.016,0.002,0.0,0.01,0.0,0.004,0.01,0.0,0.0,0.0,0.0
71,0.004,0.004,0.0,0.0,0.004,0.004,0.0,0.016,0.0,0.006,0.036,0.702,0.0,0.0,0.008,0.108,0.004,0.022,0.0,0.022,0.004,0.0,0.004,0.0,0.006,0.0,0.0,0.0,0.0,0.002,0.006,0.0,0.018,0.0,0.01,0.0,0.01
72,0.0,0.0,0.0,0.0,0.0,0.076,0.0,0.0,0.0,0.0,0.046,0.026,0.0,0.016,0.0,0.004,0.002,0.008,0.008,0.0,0.0,0.0,0.002,0.0,0.0,0.0,0.0,0.002,0.0,0.0,0.0,0.0,0.0,0.0,0.026,0.784,0.0
73,0.0,0.6,0.102,0.098,0.0,0.0,0.0,0.0,0.0,0.138,0.0,0.0,0.0,0.0,0.0,0.0,0.0,0.032,0.01,0.0,0.004,0.002,0.0,0.0,0.014,0.0,0.0,0.0,0.0,0.0,0.0,0.0,0.0,0.0,0.0,0.0,0.0
74,0.0,0.004,0.0,0.0,0.002,0.004,0.0,0.002,0.0,0.002,0.012,0.94,0.0,0.0,0.0,0.014,0.0,0.008,0.0,0.002,0.0,0.0,0.0,0.0,0.0,0.0,0.002,0.0,0.0,0.0,0.0,0.0,0.002,0.0,0.004,0.002,0.0
75,0.006,0.022,0.006,0.0,0.0,0.0,0.0,0.13,0.0,0.016,0.008,0.002,0.1,0.0,0.0,0.0,0.0,0.006,0.0,0.03,0.51,0.004,0.082,0.0,0.0,0.038,0.0,0.014,0.0,0.0,0.016,0.008,0.002,0.0,0.0,0.0,0.0
76,0.0,0.0,0.0,0.0,0.0,0.0,0.0,0.0,0.0,0.0,0.0,0.0,0.0,0.004,0.0,0.0,0.002,0.0,0.0,0.0,0.0,0.0,0.384,0.0,0.0,0.0,0.0,0.188,0.0,0.0,0.01,0.0,0.0,0.4,0.0,0.0,0.012
77,0.0,0.002,0.004,0.0,0.384,0.016,0.04,0.012,0.0,0.0,0.01,0.002,0.0,0.038,0.002,0.004,0.0,0.008,0.022,0.006,0.0,0.074,0.0,0.01,0.034,0.012,0.086,0.004,0.0,0.1,0.0,0.006,0.04,0.0,0.05,0.0,0.034
78,0.05,0.0,0.0,0.0,0.0,0.0,0.0,0.0,0.0,0.0,0.0,0.002,0.0,0.004,0.61,0.0,0.016,0.0,0.0,0.0,0.0,0.008,0.008,0.0,0.0,0.0,0.0,0.216,0.026,0.018,0.026,0.0,0.004,0.0,0.0,0.0,0.012
79,0.0,0.334,0.018,0.424,0.0,0.0,0.0,0.002,0.0,0.064,0.0,0.0,0.0,0.0,0.0,0.0,0.0,0.104,0.006,0.004,0.0,0.0,0.0,0.0,0.026,0.01,0.002,0.0,0.0,0.004,0.0,0.002,0.0,0.0,0.0,0.0,0.0
80,0.002,0.0,0.004,0.002,0.0,0.0,0.236,0.004,0.0,0.0,0.0,0.0,0.002,0.002,0.0,0.0,0.0,0.0,0.01,0.03,0.004,0.056,0.0,0.0,0.012,0.362,0.01,0.018,0.0,0.164,0.0,0.062,0.016,0.0,0.0,0.0,0.004
81,0.0,0.006,0.006,0.0,0.006,0.274,0.0,0.0,0.006,0.08,0.24,0.046,0.0,0.008,0.0,0.044,0.004,0.006,0.008,0.0,0.0,0.0,0.0,0.0,0.0,0.0,0.0,0.0,0.0,0.0,0.0,0.0,0.0,0.0,0.138,0.128,0.0
82,0.0,0.008,0.016,0.01,0.0,0.0,0.01,0.042,0.0,0.0,0.004,0.0,0.0,0.0,0.0,0.0,0.0,0.03,0.004,0.144,0.208,0.026,0.008,0.0,0.006,0.334,0.004,0.01,0.002,0.012,0.0,0.106,0.016,0.0,0.0,0.0,0.0
83,0.0,0.116,0.014,0.004,0.006,0.0,0.0,0.014,0.0,0.646,0.014,0.084,0.0,0.0,0.0,0.01,0.0,0.056,0.0,0.014,0.006,0.002,0.002,0.0,0.004,0.002,0.0,0.0,0.0,0.0,0.0,0.002,0.0,0.0,0.0,0.002,0.002
84,0.0,0.322,0.01,0.41,0.0,0.0,0.0,0.0,0.0,0.228,0.0,0.0,0.0,0.0,0.0,0.0,0.0,0.01,0.002,0.008,0.0,0.0,0.0,0.0,0.006,0.002,0.0,0.0,0.0,0.0,0.0,0.002,0.0,0.0,0.0,0.0,0.0
85,0.0,0.062,0.008,0.0,0.004,0.002,0.0,0.024,0.0,0.63,0.06,0.108,0.0,0.0,0.0,0.04,0.0,0.024,0.0,0.008,0.006,0.002,0.0,0.0,0.004,0.002,0.0,0.0,0.0,0.002,0.0,0.0,0.0,0.0,0.004,0.0,0.01
86,0.006,0.002,0.0,0.0,0.024,0.0,0.084,0.08,0.0,0.002,0.018,0.008,0.002,0.002,0.004,0.006,0.0,0.02,0.01,0.02,0.038,0.052,0.006,0.028,0.01,0.054,0.03,0.016,0.01,0.11,0.004,0.08,0.24,0.002,0.0,0.0,0.032
87,0.0,0.016,0.0,0.938,0.0,0.0,0.0,0.0,0.0,0.024,0.0,0.0,0.0,0.0,0.0,0.0,0.0,0.012,0.002,0.0,0.0,0.0,0.0,0.0,0.006,0.002,0.0,0.0,0.0,0.0,0.0,0.0,0.0,0.0,0.0,0.0,0.0
88,0.0,0.0,0.0,0.0,0.112,0.036,0.062,0.008,0.0,0.006,0.012,0.032,0.004,0.03,0.0,0.068,0.008,0.014,0.02,0.002,0.0,0.082,0.008,0.074,0.014,0.03,0.016,0.008,0.01,0.036,0.0,0.004,0.042,0.002,0.208,0.0,0.052
89,0.238,0.0,0.0,0.0,0.0,0.0,0.0,0.0,0.0,0.0,0.008,0.002,0.0,0.002,0.532,0.0,0.01,0.0,0.0,0.0,0.014,0.002,0.002,0.002,0.0,0.0,0.0,0.12,0.012,0.02,0.02,0.0,0.006,0.0,0.0,0.0,0.01
90,0.114,0.0,0.0,0.0,0.0,0.0,0.01,0.004,0.0,0.0,0.002,0.0,0.01,0.012,0.024,0.0,0.01,0.0,0.0,0.01,0.02,0.086,0.048,0.018,0.004,0.002,0.0,0.086,0.274,0.088,0.012,0.02,0.086,0.0,0.0,0.0,0.06
91,0.0,0.044,0.526,0.1,0.002,0.002,0.0,0.0,0.0,0.022,0.002,0.0,0.0,0.0,0.0,0.0,0.0,0.058,0.072,0.002,0.002,0.0,0.002,0.0,0.136,0.006,0.01,0.0,0.0,0.01,0.0,0.0,0.004,0.0,0.0,0.0,0.0
92,0.0,0.336,0.024,0.326,0.0,0.0,0.0,0.0,0.0,0.014,0.0,0.0,0.002,0.0,0.0,0.0,0.0,0.176,0.028,0.008,0.004,0.0,0.0,0.0,0.072,0.008,0.0,0.0,0.0,0.0,0.0,0.002,0.0,0.0,0.0,0.0,0.0
93,0.0,0.002,0.0,0.0,0.026,0.094,0.0,0.002,0.002,0.0,0.392,0.032,0.0,0.014,0.0,0.026,0.002,0.01,0.074,0.0,0.0,0.0,0.002,0.0,0.0,0.0,0.0,0.002,0.0,0.0,0.0,0.0,0.004,0.0,0.186,0.13,0.0
94,0.0,0.044,0.11,0.02,0.002,0.008,0.0,0.002,0.0,0.01,0.0,0.002,0.002,0.002,0.0,0.0,0.002,0.17,0.21,0.014,0.002,0.002,0.0,0.0,0.378,0.006,0.012,0.0,0.0,0.002,0.0,0.0,0.0,0.0,0.0,0.0,0.0
95,0.006,0.0,0.0,0.0,0.002,0.0,0.0,0.0,0.0,0.0,0.0,0.0,0.0,0.004,0.112,0.0,0.074,0.0,0.0,0.0,0.0,0.002,0.002,0.008,0.0,0.0,0.0,0.42,0.102,0.02,0.23,0.0,0.0,0.008,0.0,0.0,0.01
96,0.0,0.008,0.0,0.002,0.0,0.232,0.0,0.0,0.0,0.042,0.17,0.02,0.0,0.01,0.0,0.0,0.0,0.006,0.006,0.0,0.0,0.0,0.0,0.0,0.0,0.0,0.0,0.0,0.0,0.0,0.0,0.0,0.0,0.0,0.046,0.458,0.0
97,0.01,0.006,0.0,0.0,0.0,0.0,0.014,0.08,0.0,0.002,0.0,0.002,0.014,0.0,0.0,0.006,0.002,0.012,0.0,0.452,0.062,0.008,0.028,0.002,0.008,0.04,0.0,0.03,0.0,0.018,0.02,0.112,0.066,0.0,0.0,0.0,0.006
98,0.018,0.0,0.0,0.0,0.0,0.0,0.0,0.0,0.0,0.0,0.0,0.0,0.0,0.018,0.16,0.0,0.002,0.0,0.0,0.0,0.0,0.014,0.014,0.002,0.0,0.0,0.0,0.184,0.336,0.102,0.108,0.0,0.002,0.0,0.0,0.0,0.04
99,0.0,0.002,0.0,0.0,0.026,0.008,0.0,0.0,0.0,0.012,0.036,0.404,0.0,0.0,0.0,0.038,0.02,0.018,0.012,0.0,0.0,0.004,0.0,0.0,0.0,0.0,0.0,0.0,0.0,0.006,0.0,0.0,0.0,0.0,0.022,0.392,0.0
100,0.0,0.0,0.0,0.0,0.006,0.306,0.0,0.0,0.004,0.0,0.042,0.002,0.0,0.304,0.0,0.018,0.024,0.0,0.096,0.0,0.0,0.002,0.0,0.002,0.0,0.0,0.0,0.0,0.0,0.004,0.0,0.0,0.0,0.0,0.118,0.072,0.0
101,0.08,0.0,0.0,0.0,0.0,0.0,0.0,0.0,0.0,0.0,0.0,0.002,0.0,0.018,0.174,0.002,0.002,0.0,0.0,0.0,0.002,0.024,0.022,0.004,0.0,0.0,0.0,0.348,0.13,0.088,0.064,0.0,0.012,0.002,0.0,0.0,0.026
102,0.038,0.002,0.0,0.0,0.0,0.0,0.0,0.14,0.0,0.002,0.008,0.006,0.29,0.0,0.004,0.0,0.002,0.004,0.0,0.074,0.218,0.002,0.104,0.0,0.0,0.012,0.0,0.016,0.0,0.0,0.044,0.018,0.014,0.0,0.0,0.0,0.002
103,0.0,0.0,0.0,0.0,0.002,0.004,0.042,0.0,0.0,0.0,0.0,0.0,0.0,0.03,0.0,0.0,0.0,0.0,0.0,0.002,0.0,0.008,0.0,0.814,0.0,0.002,0.0,0.004,0.022,0.014,0.012,0.006,0.018,0.0,0.004,0.0,0.016
104,0.132,0.0,0.0,0.0,0.0,0.0,0.0,0.0,0.164,0.0,0.002,0.004,0.008,0.004,0.044,0.0,0.566,0.0,0.002,0.0,0.026,0.016,0.002,0.0,0.0,0.0,0.0,0.0,0.002,0.0,0.02,0.0,0.004,0.002,0.0,0.002,0.0
105,0.0,0.0,0.0,0.0,0.0,0.0,0.0,0.0,0.0,0.0,0.0,0.0,0.0,0.18,0.0,0.002,0.018,0.0,0.0,0.0,0.0,0.0,0.024,0.082,0.0,0.0,0.0,0.146,0.166,0.028,0.182,0.0,0.0,0.052,0.0,0.0,0.12
106,0.0,0.0,0.0,0.004,0.0,0.0,0.448,0.002,0.0,0.0,0.0,0.0,0.0,0.0,0.0,0.0,0.0,0.0,0.018,0.0,0.002,0.058,0.0,0.0,0.04,0.122,0.07,0.0,0.0,0.202,0.0,0.022,0.01,0.0,0.0,0.0,0.002
107,0.014,0.0,0.0,0.0,0.0,0.0,0.0,0.0,0.0,0.0,0.0,0.0,0.0,0.0,0.882,0.0,0.008,0.0,0.0,0.0,0.004,0.002,0.004,0.002,0.0,0.0,0.0,0.05,0.01,0.0,0.006,0.0,0.0,0.0,0.0,0.0,0.018
108,0.02,0.01,0.0,0.0,0.0,0.0,0.0,0.23,0.0,0.004,0.038,0.022,0.044,0.0,0.002,0.004,0.002,0.002,0.0,0.072,0.29,0.0,0.152,0.0,0.006,0.006,0.0,0.008,0.0,0.002,0.04,0.004,0.038,0.0,0.002,0.0,0.002
109,0.002,0.0,0.022,0.002,0.002,0.0,0.1,0.02,0.0,0.0,0.002,0.0,0.002,0.0,0.0,0.0,0.0,0.004,0.004,0.112,0.034,0.04,0.006,0.0,0.014,0.338,0.014,0.012,0.0,0.102,0.004,0.064,0.098,0.0,0.0,0.0,0.002
110,0.0,0.0,0.0,0.0,0.0,0.0,0.0,0.0,0.0,0.0,0.0,0.0,0.0,0.002,0.0,0.0,0.0,0.0,0.0,0.0,0.0,0.0,0.2,0.028,0.0,0.0,0.0,0.2,0.0,0.004,0.0,0.0,0.0,0.414,0.0,0.0,0.152
111,0.0,0.0,0.0,0.0,0.0,0.0,0.002,0.0,0.0,0.0,0.0,0.0,0.0,0.026,0.006,0.0,0.008,0.0,0.0,0.0,0.0,0.002,0.002,0.008,0.0,0.0,0.0,0.03,0.714,0.046,0.132,0.0,0.0,0.0,0.0,0.0,0.024
112,0.0,0.008,0.0,0.0,0.03,0.01,0.002,0.07,0.0,0.02,0.122,0.04,0.002,0.04,0.004,0.154,0.012,0.056,0.032,0.002,0.008,0.036,0.022,0.042,0.014,0.002,0.0,0.022,0.002,0.022,0.036,0.004,0.05,0.008,0.04,0.002,0.086
113,0.024,0.004,0.0,0.0,0.0,0.0,0.0,0.138,0.0,0.004,0.012,0.01,0.29,0.0,0.0,0.0,0.0,0.0,0.002,0.052,0.27,0.004,0.102,0.0,0.0,0.012,0.0,0.02,0.0,0.0,0.034,0.008,0.012,0.0,0.0,0.0,0.002
114,0.13,0.002,0.0,0.0,0.0,0.0,0.002,0.07,0.0,0.0,0.012,0.004,0.15,0.0,0.002,0.0,0.008,0.006,0.0,0.04,0.258,0.0,0.074,0.0,0.0,0.01,0.0,0.024,0.0,0.002,0.128,0.022,0.056,0.0,0.0,0.0,0.0
115,0.572,0.0,0.0,0.0,0.0,0.0,0.0,0.0,0.0,0.0,0.004,0.0,0.004,0.0,0.05,0.0,0.02,0.0,0.0,0.012,0.222,0.0,0.048,0.002,0.0,0.0,0.0,0.012,0.012,0.0,0.024,0.0,0.014,0.0,0.0,0.0,0.004
116,0.0,0.0,0.002,0.0,0.186,0.006,0.018,0.002,0.0,0.002,0.008,0.0,0.0,0.072,0.0,0.004,0.0,0.008,0.03,0.0,0.0,0.05,0.0,0.014,0.006,0.008,0.034,0.0,0.0,0.068,0.0,0.004,0.012,0.0,0.438,0.0,0.028
117,0.0,0.082,0.55,0.07,0.0,0.008,0.0,0.0,0.0,0.092,0.002,0.0,0.0,0.0,0.0,0.0,0.0,0.132,0.036,0.0,0.0,0.0,0.0,0.0,0.022,0.0,0.0,0.0,0.0,0.006,0.0,0.0,0.0,0.0,0.0,0.0,0.0
118,0.0,0.0,0.0,0.0,0.072,0.156,0.0,0.006,0.002,0.002,0.072,0.006,0.0,0.05,0.0,0.024,0.002,0.004,0.076,0.0,0.0,0.002,0.0,0.002,0.0,0.0,0.0,0.002,0.0,0.012,0.0,0.0,0.0,0.0,0.48,0.018,0.012
119,0.002,0.068,0.45,0.19,0.0,0.0,0.0,0.0,0.0,0.078,0.002,0.0,0.0,0.0,0.0,0.0,0.0,0.034,0.034,0.002,0.004,0.0,0.0,0.0,0.12,0.01,0.004,0.0,0.0,0.0,0.0,0.002,0.0,0.0,0.0,0.0,0.0
120,0.0,0.016,0.02,0.0,0.006,0.102,0.0,0.064,0.0,0.004,0.006,0.0,0.0,0.014,0.0,0.004,0.0,0.094,0.406,0.002,0.0,0.098,0.0,0.0,0.05,0.0,0.034,0.0,0.002,0.02,0.0,0.026,0.006,0.0,0.004,0.0,0.022
121,0.0,0.0,0.01,0.0,0.0,0.212,0.0,0.0,0.702,0.02,0.014,0.0,0.0,0.01,0.0,0.0,0.008,0.004,0.002,0.0,0.0,0.0,0.0,0.002,0.0,0.0,0.0,0.002,0.0,0.0,0.0,0.0,0.0,0.0,0.006,0.008,0.0
122,0.0,0.0,0.0,0.0,0.0,0.0,0.0,0.0,0.0,0.0,0.002,0.0,0.0,0.004,0.0,0.0,0.0,0.0,0.0,0.0,0.0,0.0,0.446,0.018,0.0,0.0,0.0,0.172,0.0,0.03,0.0,0.0,0.0,0.12,0.002,0.0,0.206
123,0.0,0.0,0.006,0.0,0.028,0.008,0.058,0.008,0.0,0.0,0.002,0.0,0.0,0.008,0.0,0.0,0.0,0.0,0.006,0.002,0.0,0.0,0.0,0.0,0.22,0.024,0.482,0.0,0.0,0.122,0.0,0.012,0.01,0.0,0.0,0.0,0.004
124,0.0,0.0,0.014,0.0,0.016,0.17,0.0,0.0,0.0,0.0,0.0,0.0,0.0,0.01,0.0,0.0,0.0,0.022,0.51,0.0,0.0,0.018,0.0,0.0,0.028,0.002,0.046,0.0,0.0,0.146,0.0,0.008,0.002,0.0,0.002,0.0,0.006
125,0.024,0.0,0.0,0.0,0.0,0.0,0.004,0.224,0.0,0.006,0.108,0.004,0.036,0.004,0.0,0.012,0.006,0.004,0.0,0.01,0.028,0.026,0.018,0.004,0.006,0.008,0.0,0.018,0.006,0.008,0.04,0.092,0.182,0.0,0.0,0.0,0.122
126,0.0,0.0,0.0,0.0,0.192,0.01,0.038,0.008,0.0,0.004,0.022,0.008,0.0,0.062,0.0,0.004,0.0,0.024,0.042,0.004,0.0,0.058,0.0,0.022,0.014,0.012,0.02,0.002,0.008,0.068,0.0,0.006,0.056,0.002,0.238,0.0,0.076
127,0.0,0.086,0.228,0.122,0.004,0.002,0.0,0.0,0.0,0.042,0.002,0.0,0.002,0.0,0.0,0.0,0.0,0.022,0.028,0.014,0.016,0.0,0.01,0.0,0.2,0.118,0.052,0.006,0.0,0.006,0.0,0.006,0.03,0.0,0.002,0.0,0.002
128,0.002,0.0,0.0,0.0,0.0,0.0,0.0,0.0,0.0,0.0,0.0,0.0,0.0,0.008,0.094,0.004,0.026,0.0,0.0,0.0,0.0,0.004,0.012,0.0,0.0,0.0,0.0,0.396,0.172,0.01,0.248,0.0,0.002,0.0,0.0,0.0,0.022
129,0.0,0.0,0.0,0.0,0.014,0.09,0.0,0.0,0.0,0.0,0.008,0.0,0.0,0.692,0.0,0.0,0.0,0.0,0.03,0.0,0.0,0.006,0.002,0.018,0.0,0.0,0.002,0.002,0.0,0.01,0.0,0.0,0.0,0.002,0.118,0.004,0.002
130,0.038,0.0,0.0,0.0,0.0,0.0,0.0,0.0,0.0,0.0,0.008,0.0,0.0,0.0,0.862,0.0,0.02,0.0,0.0,0.0,0.002,0.002,0.0,0.0,0.0,0.0,0.0,0.02,0.022,0.0,0.02,0.0,0.002,0.0,0.0,0.0,0.004
131,0.0,0.038,0.058,0.08,0.0,0.002,0.0,0.0,0.0,0.0,0.0,0.0,0.0,0.0,0.0,0.0,0.0,0.054,0.062,0.004,0.006,0.006,0.0,0.0,0.428,0.116,0.106,0.0,0.0,0.026,0.0,0.006,0.008,0.0,0.0,0.0,0.0
132,0.0,0.0,0.0,0.0,0.0,0.0,0.0,0.0,0.0,0.0,0.0,0.0,0.0,0.004,0.0,0.0,0.018,0.0,0.0,0.0,0.0,0.0,0.108,0.008,0.0,0.0,0.0,0.256,0.008,0.008,0.03,0.0,0.0,0.506,0.0,0.0,0.054
133,0.0,0.0,0.0,0.0,0.0,0.126,0.0,0.0,0.852,0.0,0.01,0.0,0.0,0.002,0.0,0.0,0.0,0.002,0.0,0.0,0.0,0.0,0.0,0.0,0.0,0.0,0.0,0.0,0.0,0.0,0.0,0.0,0.0,0.004,0.0,0.004,0.0
134,0.0,0.034,0.02,0.002,0.05,0.012,0.0,0.0,0.0,0.074,0.5,0.034,0.0,0.018,0.002,0.034,0.0,0.038,0.012,0.0,0.0,0.002,0.004,0.0,0.0,0.0,0.002,0.002,0.0,0.012,0.01,0.0,0.0,0.002,0.108,0.028,0.0
135,0.01,0.004,0.0,0.0,0.0,0.0,0.0,0.206,0.0,0.0,0.004,0.016,0.088,0.0,0.0,0.006,0.002,0.01,0.0,0.168,0.286,0.006,0.072,0.0,0.004,0.024,0.0,0.016,0.0,0.0,0.042,0.026,0.01,0.0,0.0,0.0,0.0
136,0.0,0.0,0.0,0.0,0.0,0.0,0.0,0.0,0.0,0.0,0.0,0.0,0.0,0.0,0.0,0.0,0.002,0.0,0.0,0.0,0.0,0.0,0.506,0.012,0.0,0.0,0.0,0.206,0.0,0.006,0.006,0.0,0.0,0.236,0.0,0.0,0.026
137,0.264,0.0,0.0,0.0,0.0,0.0,0.0,0.0,0.0,0.0,0.002,0.0,0.0,0.0,0.638,0.0,0.02,0.0,0.0,0.0,0.01,0.002,0.0,0.002,0.0,0.0,0.0,0.038,0.004,0.002,0.012,0.0,0.006,0.0,0.0,0.0,0.0
138,0.0,0.234,0.02,0.518,0.0,0.0,0.0,0.0,0.0,0.032,0.0,0.0,0.002,0.0,0.0,0.0,0.0,0.11,0.01,0.004,0.004,0.0,0.0,0.0,0.046,0.016,0.0,0.0,0.0,0.0,0.0,0.004,0.0,0.0,0.0,0.0,0.0
139,0.0,0.0,0.0,0.0,0.0,0.002,0.0,0.0,0.0,0.0,0.004,0.004,0.0,0.004,0.0,0.0,0.002,0.002,0.004,0.0,0.0,0.0,0.0,0.0,0.0,0.0,0.0,0.0,0.0,0.0,0.0,0.0,0.0,0.0,0.0,0.978,0.0
140,0.0,0.0,0.006,0.0,0.012,0.358,0.0,0.006,0.0,0.0,0.0,0.004,0.0,0.016,0.0,0.0,0.0,0.068,0.36,0.0,0.0,0.014,0.002,0.002,0.034,0.0,0.01,0.0,0.0,0.06,0.0,0.01,0.004,0.0,0.028,0.004,0.002
141,0.066,0.0,0.0,0.0,0.002,0.002,0.002,0.014,0.0,0.0,0.158,0.036,0.048,0.0,0.228,0.016,0.048,0.002,0.0,0.006,0.044,0.018,0.056,0.008,0.002,0.0,0.0,0.056,0.012,0.002,0.062,0.0,0.088,0.002,0.006,0.0,0.016
142,0.024,0.0,0.0,0.0,0.0,0.002,0.006,0.004,0.0,0.0,0.026,0.004,0.002,0.022,0.076,0.012,0.018,0.0,0.0,0.0,0.006,0.028,0.004,0.116,0.0,0.002,0.0,0.242,0.042,0.118,0.056,0.004,0.148,0.0,0.0,0.0,0.038
143,0.016,0.0,0.0,0.0,0.002,0.0,0.006,0.136,0.0,0.0,0.0,0.0,0.054,0.0,0.0,0.002,0.002,0.006,0.0,0.366,0.124,0.006,0.034,0.0,0.006,0.02,0.0,0.03,0.0,0.014,0.026,0.1,0.044,0.0,0.0,0.0,0.006
144,0.0,0.0,0.0,0.0,0.0,0.0,0.0,0.0,0.0,0.0,0.006,0.0,0.0,0.0,0.0,0.0,0.0,0.0,0.0,0.0,0.0,0.0,0.0,0.0,0.0,0.0,0.0,0.0,0.0,0.0,0.0,0.0,0.0,0.0,0.0,0.994,0.0
145,0.0,0.006,0.0,0.0,0.024,0.02,0.0,0.006,0.006,0.006,0.042,0.368,0.0,0.004,0.0,0.15,0.018,0.012,0.026,0.002,0.0,0.006,0.0,0.0,0.0,0.0,0.0,0.002,0.0,0.002,0.0,0.0,0.002,0.0,0.056,0.232,0.01
146,0.01,0.002,0.008,0.0,0.002,0.0,0.082,0.018,0.0,0.0,0.01,0.0,0.026,0.006,0.0,0.002,0.0,0.002,0.0,0.082,0.014,0.02,0.004,0.004,0.004,0.114,0.002,0.022,0.002,0.036,0.006,0.044,0.466,0.0,0.0,0.0,0.012
147,0.0,0.004,0.002,0.004,0.026,0.01,0.03,0.04,0.0,0.01,0.046,0.022,0.0,0.026,0.004,0.008,0.008,0.006,0.024,0.02,0.008,0.118,0.004,0.032,0.052,0.024,0.012,0.008,0.014,0.05,0.004,0.03,0.102,0.0,0.024,0.0,0.228
148,0.0,0.0,0.0,0.0,0.11,0.036,0.0,0.002,0.0,0.004,0.07,0.036,0.0,0.04,0.0,0.07,0.0,0.026,0.042,0.004,0.004,0.008,0.004,0.0,0.004,0.0,0.0,0.0,0.0,0.006,0.0,0.002,0.002,0.004,0.514,0.006,0.006
149,0.018,0.0,0.0,0.0,0.0,0.0,0.0,0.0,0.046,0.002,0.006,0.006,0.002,0.002,0.034,0.006,0.788,0.0,0.006,0.0,0.014,0.0,0.012,0.002,0.002,0.0,0.0,0.022,0.0,0.0,0.01,0.002,0.008,0.002,0.0,0.006,0.004
150,0.004,0.0,0.012,0.004,0.0,0.002,0.05,0.052,0.0,0.0,0.006,0.0,0.004,0.0,0.0,0.0,0.0,0.04,0.006,0.028,0.084,0.044,0.022,0.0,0.012,0.4,0.0,0.032,0.0,0.042,0.012,0.122,0.02,0.0,0.0,0.0,0.002
151,0.0,0.0,0.0,0.0,0.0,0.0,0.0,0.0,0.0,0.0,0.0,0.0,0.0,0.0,0.0,0.0,0.0,0.0,0.0,0.0,0.0,0.0,0.18,0.002,0.0,0.0,0.0,0.13,0.0,0.004,0.0,0.0,0.0,0.552,0.0,0.0,0.132
152,0.0,0.002,0.002,0.0,0.256,0.006,0.08,0.012,0.0,0.0,0.01,0.008,0.0,0.066,0.0,0.008,0.0,0.01,0.022,0.002,0.0,0.086,0.0,0.046,0.022,0.006,0.062,0.0,0.0,0.092,0.0,0.006,0.052,0.0,0.074,0.0,0.07
153,0.068,0.0,0.0,0.0,0.0,0.0,0.0,0.03,0.0,0.0,0.026,0.002,0.484,0.0,0.002,0.0,0.024,0.002,0.0,0.02,0.062,0.006,0.114,0.0,0.002,0.002,0.0,0.01,0.0,0.002,0.122,0.012,0.004,0.0,0.0,0.0,0.006
154,0.0,0.002,0.022,0.0,0.012,0.036,0.006,0.106,0.0,0.0,0.006,0.002,0.0,0.004,0.0,0.0,0.002,0.05,0.358,0.0,0.0,0.21,0.0,0.0,0.004,0.0,0.03,0.0,0.0,0.008,0.0,0.118,0.002,0.0,0.01,0.0,0.012
155,0.0,0.0,0.0,0.0,0.042,0.006,0.002,0.002,0.0,0.0,0.002,0.0,0.0,0.096,0.0,0.0,0.0,0.0,0.006,0.0,0.0,0.006,0.0,0.016,0.0,0.0,0.008,0.0,0.0,0.036,0.0,0.002,0.002,0.002,0.756,0.0,0.016
156,0.0,0.0,0.0,0.0,0.014,0.006,0.0,0.002,0.0,0.004,0.016,0.064,0.0,0.0,0.0,0.806,0.032,0.0,0.006,0.0,0.0,0.0,0.01,0.0,0.0,0.0,0.0,0.004,0.0,0.0,0.0,0.0,0.0,0.006,0.008,0.022,0.0
157,0.0,0.0,0.0,0.0,0.002,0.094,0.0,0.0,0.002,0.0,0.004,0.0,0.0,0.866,0.0,0.002,0.0,0.0,0.016,0.0,0.0,0.0,0.0,0.0,0.0,0.0,0.0,0.0,0.0,0.0,0.0,0.0,0.0,0.0,0.01,0.002,0.002
158,0.0,0.0,0.0,0.0,0.002,0.0,0.0,0.0,0.0,0.0,0.0,0.0,0.0,0.042,0.0,0.004,0.026,0.0,0.0,0.0,0.0,0.0,0.152,0.036,0.0,0.0,0.0,0.258,0.07,0.022,0.074,0.0,0.0,0.224,0.0,0.0,0.09
159,0.0,0.016,0.008,0.136,0.0,0.002,0.0,0.002,0.0,0.002,0.0,0.0,0.0,0.0,0.0,0.0,0.0,0.042,0.02,0.012,0.002,0.0,0.0,0.0,0.67,0.066,0.01,0.0,0.0,0.004,0.0,0.0,0.008,0.0,0.0,0.0,0.0
160,0.0,0.008,0.006,0.0,0.162,0.044,0.054,0.024,0.0,0.01,0.004,0.01,0.0,0.032,0.0,0.002,0.002,0.02,0.056,0.026,0.0,0.048,0.0,0.002,0.078,0.048,0.088,0.004,0.004,0.088,0.0,0.07,0.066,0.0,0.024,0.0,0.02
161,0.0,0.0,0.002,0.0,0.404,0.024,0.008,0.002,0.0,0.002,0.0,0.0,0.0,0.054,0.0,0.0,0.0,0.006,0.036,0.002,0.0,0.062,0.0,0.008,0.016,0.002,0.192,0.002,0.0,0.106,0.0,0.008,0.006,0.0,0.048,0.0,0.01
162,0.07,0.0,0.0,0.0,0.0,0.0,0.0,0.002,0.008,0.0,0.018,0.014,0.018,0.004,0.088,0.006,0.642,0.002,0.002,0.004,0.03,0.02,0.022,0.0,0.002,0.0,0.0,0.008,0.004,0.0,0.028,0.0,0.002,0.002,0.0,0.002,0.002
163,0.0,0.12,0.032,0.006,0.006,0.03,0.0,0.146,0.0,0.02,0.0,0.01,0.0,0.002,0.0,0.006,0.0,0.148,0.24,0.014,0.004,0.046,0.0,0.0,0.054,0.002,0.02,0.0,0.0,0.01,0.0,0.066,0.004,0.0,0.002,0.0,0.012
164,0.0,0.0,0.008,0.004,0.006,0.012,0.002,0.0,0.0,0.0,0.002,0.0,0.0,0.008,0.0,0.0,0.0,0.0,0.144,0.012,0.0,0.006,0.0,0.0,0.126,0.012,0.488,0.0,0.0,0.128,0.0,0.022,0.018,0.0,0.0,0.0,0.002
165,0.0,0.0,0.0,0.0,0.002,0.0,0.002,0.0,0.0,0.0,0.0,0.0,0.0,0.016,0.048,0.004,0.014,0.0,0.0,0.0,0.0,0.0,0.008,0.014,0.0,0.0,0.0,0.188,0.358,0.096,0.112,0.0,0.004,0.012,0.0,0.0,0.122
166,0.304,0.0,0.0,0.0,0.0,0.0,0.0,0.01,0.0,0.0,0.01,0.0,0.074,0.0,0.016,0.0,0.036,0.0,0.0,0.052,0.092,0.01,0.082,0.0,0.0,0.0,0.0,0.016,0.004,0.0,0.21,0.018,0.06,0.0,0.0,0.0,0.006
167,0.0,0.0,0.0,0.0,0.112,0.006,0.01,0.004,0.0,0.0,0.018,0.0,0.0,0.04,0.0,0.004,0.0,0.006,0.002,0.0,0.0,0.032,0.004,0.048,0.004,0.002,0.01,0.0,0.002,0.024,0.0,0.002,0.002,0.004,0.628,0.0,0.036
168,0.0,0.014,0.01,0.836,0.0,0.0,0.0,0.002,0.0,0.032,0.0,0.0,0.0,0.0,0.0,0.0,0.0,0.042,0.004,0.008,0.008,0.0,0.0,0.0,0.018,0.02,0.0,0.0,0.0,0.0,0.0,0.006,0.0,0.0,0.0,0.0,0.0
169,0.0,0.002,0.006,0.0,0.082,0.042,0.012,0.04,0.0,0.0,0.004,0.006,0.0,0.044,0.0,0.0,0.002,0.026,0.182,0.008,0.0,0.22,0.0,0.012,0.022,0.0,0.052,0.0,0.0,0.104,0.0,0.032,0.006,0.0,0.08,0.0,0.016
170,0.0,0.0,0.0,0.0,0.0,0.0,0.0,0.0,0.0,0.0,0.0,0.0,0.0,0.0,0.0,0.0,0.004,0.0,0.0,0.0,0.0,0.0,0.428,0.0,0.0,0.0,0.0,0.08,0.0,0.0,0.002,0.0,0.0,0.372,0.0,0.0,0.114
171,0.058,0.0,0.0,0.0,0.0,0.0,0.0,0.002,0.0,0.0,0.02,0.002,0.0,0.0,0.32,0.004,0.004,0.002,0.0,0.0,0.004,0.014,0.068,0.0,0.0,0.0,0.0,0.276,0.048,0.006,0.09,0.002,0.02,0.004,0.0,0.0,0.056
172,0.056,0.0,0.0,0.002,0.0,0.0,0.0,0.03,0.0,0.0,0.004,0.0,0.614,0.0,0.0,0.0,0.01,0.004,0.0,0.034,0.102,0.0,0.054,0.0,0.002,0.002,0.0,0.026,0.0,0.002,0.038,0.018,0.002,0.0,0.0,0.0,0.0
173,0.002,0.034,0.482,0.05,0.002,0.004,0.0,0.0,0.0,0.09,0.0,0.0,0.0,0.002,0.0,0.0,0.0,0.224,0.048,0.002,0.0,0.0,0.0,0.0,0.046,0.008,0.0,0.0,0.0,0.006,0.0,0.0,0.0,0.0,0.0,0.0,0.0
174,0.002,0.086,0.124,0.17,0.008,0.0,0.0,0.0,0.0,0.014,0.002,0.0,0.002,0.0,0.0,0.0,0.0,0.036,0.028,0.006,0.002,0.0,0.002,0.0,0.372,0.048,0.068,0.0,0.0,0.008,0.0,0.004,0.016,0.0,0.0,0.0,0.002
175,0.058,0.002,0.0,0.0,0.0,0.0,0.0,0.142,0.0,0.0,0.008,0.012,0.236,0.0,0.002,0.002,0.006,0.002,0.0,0.094,0.156,0.006,0.142,0.0,0.0,0.014,0.0,0.018,0.0,0.0,0.072,0.014,0.012,0.0,0.0,0.0,0.002
176,0.0,0.082,0.034,0.014,0.004,0.01,0.0,0.016,0.0,0.002,0.002,0.012,0.0,0.0,0.0,0.0,0.0,0.438,0.244,0.024,0.006,0.002,0.0,0.0,0.09,0.002,0.006,0.0,0.0,0.0,0.002,0.0,0.0,0.0,0.008,0.0,0.002
177,0.0,0.464,0.094,0.084,0.0,0.004,0.0,0.0,0.0,0.21,0.0,0.006,0.0,0.0,0.0,0.0,0.0,0.066,0.002,0.0,0.0,0.004,0.002,0.0,0.052,0.004,0.002,0.0,0.0,0.002,0.0,0.004,0.0,0.0,0.0,0.0,0.0
178,0.0,0.292,0.078,0.138,0.002,0.004,0.0,0.006,0.0,0.034,0.0,0.002,0.0,0.002,0.0,0.0,0.002,0.172,0.042,0.01,0.01,0.006,0.0,0.0,0.158,0.02,0.006,0.002,0.0,0.004,0.0,0.008,0.0,0.0,0.0,0.0,0.002
179,0.0,0.0,0.0,0.0,0.0,0.016,0.0,0.0,0.004,0.002,0.012,0.004,0.0,0.008,0.0,0.0,0.0,0.0,0.006,0.0,0.0,0.0,0.0,0.0,0.0,0.0,0.0,0.0,0.0,0.0,0.0,0.0,0.0,0.0,0.006,0.942,0.0
180,0.002,0.0,0.0,0.0,0.0,0.0,0.4,0.014,0.0,0.0,0.0,0.0,0.0,0.0,0.0,0.0,0.0,0.002,0.004,0.024,0.0,0.024,0.002,0.0,0.0,0.3,0.004,0.006,0.004,0.098,0.002,0.104,0.006,0.0,0.002,0.0,0.002
181,0.002,0.072,0.53,0.042,0.004,0.012,0.0,0.0,0.0,0.034,0.002,0.0,0.0,0.002,0.0,0.0,0.0,0.15,0.082,0.0,0.0,0.0,0.002,0.0,0.04,0.006,0.006,0.0,0.0,0.01,0.0,0.002,0.002,0.0,0.0,0.0,0.0
182,0.0,0.014,0.022,0.068,0.0,0.0,0.002,0.0,0.0,0.002,0.0,0.0,0.0,0.0,0.0,0.0,0.0,0.054,0.072,0.032,0.0,0.002,0.0,0.0,0.552,0.112,0.048,0.0,0.0,0.008,0.0,0.01,0.002,0.0,0.0,0.0,0.0
183,0.0,0.122,0.52,0.108,0.006,0.014,0.0,0.0,0.0,0.034,0.002,0.0,0.002,0.0,0.0,0.0,0.0,0.068,0.036,0.008,0.0,0.0,0.002,0.0,0.044,0.006,0.004,0.0,0.0,0.01,0.0,0.004,0.002,0.0,0.004,0.0,0.004
184,0.016,0.0,0.0,0.0,0.0,0.0,0.008,0.0,0.0,0.0,0.002,0.0,0.006,0.076,0.016,0.0,0.004,0.0,0.0,0.002,0.004,0.028,0.0,0.106,0.0,0.0,0.0,0.062,0.2,0.404,0.02,0.0,0.006,0.0,0.0,0.0,0.04
185,0.0,0.062,0.004,0.816,0.0,0.0,0.0,0.002,0.0,0.098,0.002,0.0,0.0,0.0,0.0,0.0,0.0,0.002,0.002,0.0,0.002,0.0,0.0,0.0,0.01,0.0,0.0,0.0,0.0,0.0,0.0,0.0,0.0,0.0,0.0,0.0,0.0
186,0.246,0.0,0.0,0.0,0.0,0.0,0.004,0.004,0.0,0.0,0.002,0.004,0.044,0.002,0.0,0.0,0.012,0.0,0.0,0.16,0.016,0.114,0.07,0.0,0.0,0.002,0.0,0.108,0.022,0.006,0.042,0.022,0.104,0.0,0.0,0.0,0.016
187,0.0,0.008,0.0,0.0,0.002,0.004,0.002,0.648,0.0,0.012,0.01,0.004,0.0,0.0,0.0,0.0,0.0,0.032,0.026,0.028,0.008,0.032,0.002,0.0,0.006,0.004,0.014,0.0,0.0,0.004,0.0,0.142,0.002,0.0,0.002,0.0,0.008
188,0.214,0.0,0.0,0.0,0.0,0.0,0.0,0.006,0.0,0.0,0.006,0.0,0.19,0.0,0.012,0.0,0.024,0.0,0.0,0.092,0.046,0.016,0.082,0.0,0.002,0.002,0.0,0.014,0.0,0.0,0.244,0.036,0.01,0.0,0.0,0.0,0.004
189,0.038,0.0,0.0,0.0,0.0,0.002,0.01,0.02,0.0,0.002,0.01,0.004,0.006,0.0,0.002,0.0,0.016,0.004,0.0,0.006,0.018,0.014,0.018,0.01,0.004,0.002,0.0,0.052,0.008,0.01,0.004,0.022,0.698,0.0,0.002,0.0,0.018
190,0.0,0.0,0.002,0.0,0.436,0.016,0.018,0.0,0.0,0.002,0.01,0.0,0.0,0.054,0.0,0.002,0.0,0.01,0.052,0.004,0.0,0.054,0.0,0.01,0.012,0.008,0.124,0.0,0.002,0.096,0.0,0.002,0.014,0.0,0.06,0.0,0.012
191,0.382,0.0,0.0,0.0,0.002,0.0,0.0,0.004,0.0,0.0,0.002,0.004,0.0,0.002,0.154,0.0,0.044,0.0,0.0,0.002,0.024,0.03,0.02,0.0,0.0,0.0,0.0,0.202,0.012,0.026,0.018,0.002,0.058,0.0,0.0,0.0,0.012
192,0.0,0.0,0.0,0.0,0.004,0.0,0.0,0.0,0.0,0.0,0.0,0.0,0.0,0.004,0.0,0.0,0.002,0.0,0.002,0.0,0.0,0.0,0.284,0.072,0.0,0.0,0.0,0.33,0.0,0.018,0.0,0.0,0.0,0.252,0.002,0.0,0.03
193,0.0,0.0,0.0,0.0,0.0,0.0,0.0,0.0,0.0,0.0,0.0,0.0,0.0,0.028,0.0,0.002,0.084,0.0,0.0,0.0,0.0,0.0,0.07,0.012,0.0,0.0,0.0,0.308,0.044,0.0,0.088,0.0,0.0,0.202,0.0,0.0,0.162
194,0.0,0.012,0.006,0.048,0.0,0.0,0.002,0.002,0.0,0.0,0.0,0.0,0.0,0.0,0.0,0.0,0.0,0.02,0.122,0.008,0.0,0.0,0.002,0.0,0.694,0.03,0.03,0.0,0.0,0.006,0.0,0.012,0.006,0.0,0.0,0.0,0.0
195,0.0,0.0,0.0,0.0,0.002,0.0,0.0,0.0,0.0,0.0,0.0,0.0,0.0,0.132,0.0,0.002,0.014,0.0,0.0,0.0,0.0,0.0,0.128,0.054,0.0,0.0,0.0,0.156,0.112,0.022,0.084,0.0,0.0,0.178,0.0,0.0,0.116
196,0.47,0.0,0.0,0.0,0.0,0.0,0.002,0.006,0.0,0.0,0.008,0.0,0.042,0.0,0.022,0.0,0.018,0.0,0.0,0.044,0.102,0.036,0.08,0.0,0.0,0.0,0.0,0.022,0.004,0.004,0.08,0.004,0.048,0.0,0.0,0.0,0.008
197,0.0,0.0,0.0,0.0,0.002,0.17,0.0,0.0,0.012,0.0,0.076,0.008,0.0,0.03,0.0,0.004,0.006,0.004,0.012,0.0,0.0,0.0,0.0,0.0,0.0,0.0,0.0,0.0,0.0,0.0,0.0,0.0,0.0,0.0,0.042,0.634,0.0
198,0.064,0.0,0.0,0.0,0.0,0.004,0.004,0.054,0.0,0.0,0.046,0.0,0.044,0.016,0.012,0.006,0.006,0.002,0.002,0.014,0.046,0.052,0.08,0.008,0.004,0.002,0.0,0.052,0.04,0.022,0.032,0.046,0.16,0.002,0.0,0.0,0.18
199,0.0,0.0,0.002,0.0,0.22,0.008,0.036,0.006,0.0,0.0,0.026,0.012,0.002,0.062,0.0,0.006,0.0,0.02,0.02,0.004,0.0,0.048,0.004,0.046,0.01,0.01,0.016,0.002,0.004,0.058,0.002,0.008,0.028,0.004,0.264,0.0,0.072
200,0.0,0.0,0.0,0.0,0.0,0.0,0.0,0.0,0.0,0.0,0.0,0.0,0.0,0.008,0.0,0.0,0.002,0.0,0.0,0.0,0.0,0.0,0.0,0.984,0.0,0.0,0.0,0.0,0.004,0.002,0.0,0.0,0.0,0.0,0.0,0.0,0.0
201,0.0,0.0,0.0,0.0,0.0,0.22,0.0,0.0,0.604,0.0,0.044,0.0,0.0,0.032,0.0,0.002,0.0,0.002,0.01,0.0,0.0,0.0,0.0,0.0,0.0,0.0,0.0,0.0,0.0,0.0,0.002,0.0,0.0,0.0,0.008,0.076,0.0
202,0.0,0.394,0.01,0.112,0.004,0.006,0.0,0.036,0.0,0.084,0.002,0.004,0.0,0.0,0.0,0.0,0.002,0.102,0.028,0.056,0.026,0.004,0.0,0.0,0.096,0.012,0.0,0.0,0.0,0.0,0.0,0.014,0.004,0.0,0.0,0.0,0.004
203,0.0,0.002,0.0,0.0,0.082,0.038,0.0,0.004,0.0,0.004,0.41,0.07,0.0,0.006,0.0,0.078,0.0,0.012,0.046,0.0,0.0,0.002,0.01,0.002,0.0,0.0,0.0,0.006,0.0,0.0,0.0,0.0,0.002,0.0,0.206,0.016,0.004
204,0.118,0.0,0.002,0.0,0.0,0.0,0.008,0.006,0.0,0.002,0.044,0.014,0.016,0.002,0.038,0.002,0.052,0.004,0.004,0.026,0.03,0.012,0.01,0.012,0.002,0.004,0.0,0.056,0.012,0.006,0.048,0.008,0.444,0.0,0.002,0.0,0.016
205,0.002,0.034,0.01,0.008,0.0,0.0,0.01,0.054,0.0,0.016,0.006,0.006,0.008,0.0,0.0,0.0,0.0,0.112,0.004,0.124,0.09,0.028,0.012,0.0,0.022,0.264,0.006,0.034,0.0,0.018,0.0,0.066,0.064,0.0,0.0,0.0,0.002
206,0.0,0.0,0.0,0.0,0.0,0.0,0.0,0.0,0.0,0.0,0.002,0.0,0.0,0.0,0.0,0.002,0.0,0.0,0.0,0.0,0.0,0.0,0.334,0.05,0.0,0.0,0.0,0.292,0.004,0.09,0.0,0.0,0.0,0.106,0.0,0.0,0.12
207,0.0,0.016,0.0,0.0,0.022,0.01,0.0,0.0,0.0,0.028,0.03,0.588,0.0,0.002,0.0,0.01,0.0,0.048,0.018,0.0,0.0,0.004,0.0,0.0,0.0,0.0,0.0,0.0,0.0,0.002,0.002,0.0,0.0,0.0,0.012,0.208,0.0
208,0.0,0.0,0.0,0.0,0.0,0.004,0.012,0.0,0.0,0.0,0.002,0.002,0.0,0.016,0.0,0.004,0.0,0.0,0.0,0.0,0.0,0.004,0.0,0.904,0.0,0.004,0.0,0.002,0.002,0.008,0.002,0.0,0.018,0.0,0.0,0.0,0.016
209,0.0,0.05,0.266,0.42,0.0,0.0,0.0,0.0,0.0,0.106,0.0,0.0,0.0,0.0,0.0,0.0,0.0,0.01,0.012,0.002,0.002,0.002,0.0,0.0,0.116,0.014,0.0,0.0,0.0,0.0,0.0,0.0,0.0,0.0,0.0,0.0,0.0
210,0.0,0.0,0.0,0.0,0.0,0.0,0.0,0.0,0.0,0.0,0.0,0.0,0.0,0.0,0.0,0.0,0.002,0.0,0.0,0.0,0.0,0.0,0.21,0.002,0.0,0.0,0.0,0.206,0.002,0.0,0.006,0.0,0.0,0.39,0.0,0.0,0.182
211,0.0,0.0,0.0,0.0,0.024,0.198,0.0,0.0,0.002,0.002,0.176,0.014,0.0,0.032,0.0,0.056,0.0,0.01,0.082,0.0,0.0,0.0,0.004,0.0,0.0,0.0,0.0,0.002,0.0,0.004,0.0,0.0,0.002,0.0,0.372,0.02,0.0
212,0.04,0.0,0.0,0.0,0.0,0.002,0.002,0.002,0.0,0.0,0.006,0.006,0.008,0.002,0.01,0.002,0.826,0.0,0.002,0.006,0.01,0.018,0.0,0.004,0.002,0.004,0.0,0.012,0.004,0.004,0.004,0.0,0.022,0.0,0.0,0.002,0.0
213,0.0,0.032,0.0,0.002,0.0,0.0,0.0,0.144,0.0,0.02,0.016,0.012,0.014,0.0,0.0,0.002,0.0,0.02,0.002,0.176,0.478,0.002,0.034,0.0,0.0,0.012,0.0,0.004,0.0,0.0,0.002,0.018,0.01,0.0,0.0,0.0,0.0
214,0.002,0.012,0.0,0.0,0.002,0.006,0.0,0.096,0.0,0.02,0.08,0.34,0.006,0.0,0.008,0.154,0.016,0.026,0.0,0.056,0.082,0.012,0.018,0.0,0.01,0.004,0.0,0.002,0.0,0.002,0.002,0.006,0.026,0.0,0.002,0.0,0.01
215,0.028,0.0,0.0,0.0,0.002,0.0,0.032,0.136,0.0,0.0,0.04,0.0,0.028,0.004,0.0,0.002,0.0,0.0,0.002,0.02,0.008,0.056,0.01,0.006,0.002,0.022,0.0,0.02,0.02,0.048,0.036,0.316,0.08,0.0,0.002,0.0,0.08
216,0.004,0.01,0.004,0.0,0.01,0.0,0.0,0.004,0.0,0.01,0.654,0.054,0.002,0.004,0.036,0.012,0.014,0.028,0.002,0.0,0.004,0.024,0.016,0.0,0.006,0.002,0.0,0.01,0.0,0.002,0.006,0.002,0.006,0.004,0.014,0.002,0.054
217,0.022,0.0,0.0,0.0,0.0,0.0,0.0,0.002,0.0,0.002,0.008,0.006,0.002,0.006,0.01,0.0,0.856,0.0,0.002,0.0,0.014,0.008,0.016,0.0,0.002,0.0,0.0,0.01,0.0,0.0,0.014,0.0,0.01,0.002,0.0,0.004,0.004
218,0.0,0.172,0.022,0.01,0.002,0.0,0.0,0.096,0.0,0.218,0.062,0.144,0.012,0.0,0.002,0.032,0.0,0.054,0.006,0.026,0.048,0.0,0.02,0.0,0.014,0.01,0.0,0.0,0.0,0.002,0.0,0.004,0.002,0.0,0.012,0.0,0.03
219,0.0,0.01,0.0,0.0,0.0,0.0,0.002,0.712,0.0,0.014,0.056,0.0,0.006,0.0,0.0,0.002,0.0,0.012,0.002,0.018,0.012,0.024,0.004,0.0,0.014,0.004,0.0,0.0,0.0,0.0,0.006,0.048,0.016,0.0,0.0,0.0,0.038
220,0.0,0.104,0.014,0.328,0.0,0.0,0.0,0.01,0.0,0.506,0.0,0.002,0.0,0.0,0.0,0.0,0.0,0.012,0.0,0.004,0.016,0.0,0.0,0.0,0.004,0.0,0.0,0.0,0.0,0.0,0.0,0.0,0.0,0.0,0.0,0.0,0.0
221,0.0,0.004,0.002,0.0,0.026,0.028,0.0,0.31,0.0,0.008,0.068,0.026,0.0,0.014,0.002,0.016,0.0,0.074,0.12,0.002,0.0,0.108,0.0,0.002,0.004,0.0,0.002,0.006,0.004,0.026,0.0,0.01,0.0,0.002,0.07,0.002,0.064
222,0.0,0.004,0.002,0.008,0.002,0.0,0.0,0.06,0.0,0.004,0.004,0.0,0.038,0.0,0.0,0.0,0.0,0.074,0.0,0.112,0.46,0.006,0.094,0.0,0.004,0.046,0.0,0.004,0.0,0.008,0.012,0.042,0.016,0.0,0.0,0.0,0.0
223,0.0,0.0,0.0,0.0,0.0,0.0,0.0,0.0,0.0,0.0,0.006,0.002,0.0,0.012,0.006,0.002,0.032,0.0,0.0,0.0,0.0,0.004,0.088,0.012,0.0,0.0,0.0,0.342,0.032,0.016,0.164,0.0,0.0,0.21,0.0,0.0,0.072
224,0.0,0.0,0.0,0.0,0.004,0.0,0.0,0.002,0.0,0.0,0.002,0.0,0.0,0.028,0.0,0.002,0.002,0.0,0.002,0.0,0.0,0.0,0.206,0.148,0.0,0.0,0.0,0.234,0.016,0.144,0.004,0.0,0.0,0.168,0.002,0.0,0.036
225,0.0,0.0,0.0,0.0,0.0,0.0,0.0,0.0,0.0,0.0,0.0,0.0,0.0,0.06,0.0,0.0,0.006,0.0,0.0,0.0,0.0,0.0,0.048,0.132,0.0,0.0,0.0,0.248,0.048,0.168,0.042,0.0,0.0,0.104,0.0,0.0,0.144
226,0.0,0.0,0.0,0.0,0.0,0.0,0.0,0.0,0.0,0.0,0.0,0.0,0.0,0.0,0.0,0.0,0.002,0.0,0.0,0.0,0.0,0.0,0.482,0.012,0.0,0.0,0.0,0.176,0.0,0.012,0.002,0.0,0.0,0.296,0.0,0.0,0.018
227,0.0,0.006,0.002,0.0,0.024,0.212,0.0,0.004,0.0,0.014,0.07,0.062,0.0,0.038,0.0,0.012,0.004,0.032,0.194,0.0,0.0,0.004,0.01,0.002,0.004,0.0,0.0,0.002,0.0,0.012,0.006,0.0,0.006,0.0,0.184,0.088,0.008
228,0.0,0.002,0.0,0.0,0.002,0.002,0.0,0.008,0.0,0.002,0.01,0.914,0.002,0.0,0.0,0.022,0.008,0.01,0.004,0.002,0.0,0.004,0.0,0.0,0.002,0.0,0.0,0.0,0.0,0.0,0.0,0.0,0.002,0.0,0.0,0.0,0.004
229,0.028,0.0,0.0,0.0,0.0,0.0,0.0,0.0,0.0,0.0,0.0,0.0,0.0,0.0,0.872,0.0,0.016,0.0,0.0,0.0,0.014,0.002,0.002,0.002,0.0,0.0,0.0,0.03,0.008,0.002,0.012,0.0,0.0,0.0,0.0,0.0,0.012
230,0.04,0.002,0.004,0.002,0.002,0.0,0.006,0.092,0.0,0.002,0.002,0.004,0.028,0.0,0.0,0.002,0.0,0.006,0.0,0.246,0.078,0.008,0.044,0.004,0.004,0.07,0.0,0.034,0.0,0.008,0.108,0.102,0.1,0.0,0.0,0.0,0.002
231,0.0,0.0,0.0,0.0,0.012,0.112,0.002,0.008,0.0,0.004,0.048,0.002,0.0,0.066,0.0,0.008,0.002,0.014,0.032,0.0,0.0,0.02,0.016,0.012,0.01,0.0,0.002,0.004,0.002,0.016,0.002,0.0,0.008,0.01,0.574,0.004,0.01
232,0.0,0.004,0.004,0.0,0.014,0.012,0.0,0.002,0.0,0.022,0.038,0.38,0.0,0.002,0.0,0.018,0.042,0.038,0.018,0.0,0.0,0.008,0.0,0.0,0.002,0.0,0.0,0.0,0.0,0.006,0.0,0.0,0.004,0.0,0.018,0.368,0.0
233,0.0,0.0,0.0,0.0,0.284,0.012,0.03,0.0,0.0,0.0,0.004,0.0,0.0,0.086,0.0,0.0,0.0,0.01,0.038,0.0,0.0,0.08,0.0,0.012,0.014,0.012,0.092,0.0,0.0,0.204,0.0,0.004,0.018,0.0,0.088,0.0,0.012
234,0.0,0.002,0.0,0.0,0.078,0.124,0.0,0.0,0.002,0.004,0.26,0.028,0.0,0.022,0.0,0.038,0.0,0.006,0.082,0.0,0.0,0.0,0.002,0.0,0.0,0.0,0.0,0.002,0.0,0.002,0.0,0.0,0.002,0.004,0.31,0.032,0.0
235,0.0,0.042,0.008,0.216,0.0,0.0,0.0,0.0,0.0,0.018,0.002,0.004,0.002,0.0,0.0,0.0,0.0,0.09,0.03,0.156,0.024,0.004,0.004,0.0,0.252,0.136,0.0,0.0,0.0,0.004,0.0,0.008,0.0,0.0,0.0,0.0,0.0
236,0.0,0.0,0.0,0.0,0.0,0.0,0.0,0.0,0.0,0.0,0.0,0.0,0.0,0.002,0.0,0.0,0.0,0.0,0.0,0.0,0.0,0.002,0.15,0.068,0.0,0.0,0.0,0.26,0.002,0.024,0.0,0.0,0.0,0.392,0.002,0.0,0.098
237,0.0,0.002,0.002,0.006,0.0,0.024,0.004,0.0,0.0,0.0,0.0,0.0,0.0,0.0,0.0,0.0,0.0,0.0,0.206,0.024,0.0,0.016,0.0,0.0,0.136,0.01,0.402,0.0,0.002,0.152,0.0,0.012,0.002,0.0,0.0,0.0,0.0
238,0.0,0.0,0.0,0.0,0.0,0.704,0.0,0.0,0.112,0.0,0.002,0.0,0.0,0.114,0.0,0.004,0.012,0.0,0.01,0.0,0.0,0.002,0.0,0.0,0.0,0.0,0.0,0.0,0.0,0.002,0.0,0.0,0.0,0.0,0.02,0.016,0.002
239,0.0,0.352,0.034,0.362,0.0,0.0,0.0,0.002,0.0,0.114,0.0,0.0,0.0,0.0,0.0,0.0,0.0,0.042,0.008,0.006,0.0,0.0,0.0,0.0,0.06,0.016,0.002,0.0,0.0,0.002,0.0,0.0,0.0,0.0,0.0,0.0,0.0
240,0.002,0.0,0.0,0.0,0.0,0.0,0.364,0.0,0.0,0.0,0.0,0.002,0.0,0.0,0.0,0.0,0.0,0.0,0.0,0.002,0.0,0.054,0.0,0.008,0.004,0.176,0.016,0.008,0.022,0.27,0.002,0.018,0.044,0.0,0.0,0.0,0.008
241,0.0,0.004,0.0,0.002,0.21,0.04,0.024,0.022,0.0,0.0,0.002,0.004,0.0,0.012,0.0,0.002,0.0,0.012,0.046,0.008,0.002,0.084,0.0,0.002,0.082,0.024,0.2,0.0,0.006,0.102,0.0,0.046,0.028,0.0,0.016,0.0,0.02
242,0.0,0.0,0.0,0.0,0.0,0.004,0.0,0.0,0.994,0.0,0.0,0.0,0.0,0.002,0.0,0.0,0.0,0.0,0.0,0.0,0.0,0.0,0.0,0.0,0.0,0.0,0.0,0.0,0.0,0.0,0.0,0.0,0.0,0.0,0.0,0.0,0.0
243,0.068,0.0,0.0,0.0,0.0,0.0,0.0,0.016,0.0,0.0,0.006,0.004,0.594,0.0,0.002,0.0,0.01,0.004,0.0,0.04,0.034,0.01,0.068,0.0,0.002,0.0,0.0,0.018,0.0,0.002,0.102,0.018,0.0,0.0,0.0,0.0,0.002
244,0.0,0.0,0.0,0.0,0.0,0.0,0.0,0.0,0.0,0.0,0.0,0.0,0.0,0.008,0.0,0.0,0.002,0.0,0.0,0.0,0.0,0.0,0.1,0.07,0.0,0.0,0.0,0.194,0.004,0.012,0.012,0.0,0.0,0.134,0.0,0.0,0.464
245,0.008,0.0,0.0,0.0,0.0,0.0,0.064,0.014,0.0,0.0,0.002,0.0,0.0,0.0,0.0,0.0,0.0,0.0,0.002,0.006,0.004,0.136,0.0,0.002,0.0,0.166,0.002,0.02,0.014,0.212,0.006,0.244,0.078,0.0,0.002,0.0,0.018
246,0.0,0.568,0.01,0.112,0.0,0.0,0.0,0.022,0.0,0.102,0.0,0.002,0.002,0.0,0.0,0.0,0.0,0.08,0.008,0.024,0.018,0.0,0.002,0.0,0.02,0.012,0.0,0.002,0.0,0.002,0.0,0.014,0.0,0.0,0.0,0.0,0.0
247,0.0,0.0,0.0,0.0,0.0,0.0,0.004,0.0,0.0,0.0,0.0,0.0,0.0,0.068,0.006,0.0,0.004,0.0,0.0,0.0,0.0,0.0,0.0,0.03,0.0,0.0,0.0,0.016,0.596,0.06,0.164,0.002,0.002,0.002,0.0,0.0,0.046
248,0.0,0.0,0.0,0.0,0.0,0.0,0.0,0.0,0.0,0.0,0.0,0.0,0.002,0.002,0.0,0.002,0.004,0.0,0.0,0.0,0.0,0.002,0.206,0.054,0.0,0.0,0.0,0.092,0.0,0.006,0.014,0.0,0.0,0.594,0.004,0.002,0.016
249,0.0,0.02,0.048,0.01,0.002,0.024,0.0,0.006,0.0,0.002,0.0,0.0,0.0,0.004,0.0,0.0,0.0,0.018,0.37,0.026,0.006,0.002,0.0,0.0,0.266,0.024,0.106,0.002,0.0,0.024,0.0,0.014,0.024,0.0,0.0,0.0,0.002
250,0.0,0.0,0.0,0.0,0.0,0.0,0.0,0.0,0.0,0.0,0.0,0.0,0.0,0.068,0.008,0.0,0.004,0.0,0.0,0.0,0.0,0.0,0.016,0.28,0.0,0.0,0.0,0.196,0.09,0.206,0.05,0.0,0.0,0.016,0.0,0.0,0.066
251,0.0,0.0,0.002,0.0,0.0,0.0,0.016,0.228,0.0,0.002,0.008,0.0,0.008,0.0,0.0,0.0,0.0,0.002,0.0,0.032,0.006,0.054,0.004,0.0,0.0,0.024,0.0,0.006,0.0,0.03,0.002,0.556,0.012,0.0,0.0,0.0,0.008
252,0.0,0.0,0.0,0.0,0.0,0.148,0.0,0.0,0.822,0.0,0.002,0.0,0.0,0.0,0.0,0.0,0.006,0.002,0.0,0.0,0.0,0.0,0.002,0.002,0.0,0.0,0.0,0.002,0.0,0.0,0.0,0.0,0.0,0.0,0.012,0.002,0.0
253,0.0,0.002,0.0,0.0,0.306,0.014,0.068,0.004,0.0,0.002,0.0,0.002,0.0,0.016,0.0,0.002,0.002,0.002,0.012,0.0,0.0,0.048,0.0,0.014,0.044,0.006,0.242,0.0,0.0,0.124,0.0,0.008,0.032,0.0,0.03,0.0,0.02
254,0.0,0.008,0.006,0.0,0.004,0.0,0.0,0.006,0.0,0.004,0.018,0.902,0.0,0.0,0.004,0.0,0.0,0.014,0.004,0.006,0.0,0.01,0.0,0.0,0.0,0.0,0.002,0.0,0.0,0.0,0.0,0.0,0.004,0.0,0.006,0.0,0.002
255,0.02,0.0,0.0,0.0,0.002,0.0,0.008,0.0,0.0,0.0,0.006,0.002,0.0,0.0,0.0,0.0,0.004,0.0,0.0,0.01,0.0,0.006,0.002,0.004,0.0,0.006,0.0,0.012,0.01,0.0,0.004,0.008,0.888,0.0,0.002,0.0,0.006
256,0.0,0.0,0.0,0.0,0.004,0.0,0.0,0.0,0.0,0.002,0.006,0.04,0.0,0.0,0.0,0.938,0.0,0.0,0.002,0.0,0.0,0.0,0.0,0.002,0.0,0.0,0.0,0.0,0.0,0.0,0.0,0.0,0.0,0.0,0.004,0.002,0.0
257,0.0,0.0,0.0,0.0,0.0,0.056,0.0,0.0,0.914,0.0,0.004,0.002,0.0,0.006,0.0,0.002,0.004,0.002,0.0,0.0,0.0,0.0,0.0,0.0,0.0,0.0,0.0,0.002,0.0,0.0,0.0,0.0,0.0,0.0,0.008,0.0,0.0
258,0.0,0.0,0.0,0.0,0.01,0.62,0.0,0.0,0.084,0.0,0.072,0.0,0.0,0.056,0.0,0.008,0.002,0.0,0.0,0.0,0.0,0.0,0.002,0.002,0.0,0.0,0.0,0.0,0.0,0.004,0.0,0.0,0.0,0.002,0.07,0.066,0.002
259,0.0,0.458,0.02,0.368,0.0,0.0,0.0,0.0,0.0,0.09,0.0,0.0,0.0,0.0,0.0,0.0,0.0,0.038,0.01,0.0,0.004,0.0,0.0,0.0,0.008,0.004,0.0,0.0,0.0,0.0,0.0,0.0,0.0,0.0,0.0,0.0,0.0
260,0.0,0.068,0.504,0.104,0.006,0.01,0.0,0.002,0.0,0.04,0.002,0.0,0.0,0.002,0.0,0.0,0.0,0.036,0.046,0.006,0.004,0.004,0.0,0.0,0.128,0.006,0.008,0.0,0.0,0.018,0.0,0.0,0.006,0.0,0.0,0.0,0.0
261,0.0,0.0,0.002,0.0,0.044,0.136,0.0,0.006,0.0,0.006,0.008,0.002,0.0,0.09,0.0,0.0,0.0,0.028,0.228,0.002,0.0,0.032,0.0,0.004,0.008,0.002,0.032,0.0,0.0,0.276,0.0,0.0,0.0,0.0,0.084,0.002,0.008
262,0.01,0.0,0.0,0.0,0.002,0.0,0.08,0.008,0.0,0.0,0.002,0.0,0.002,0.002,0.0,0.0,0.002,0.0,0.004,0.002,0.002,0.072,0.002,0.022,0.002,0.11,0.0,0.074,0.058,0.23,0.014,0.1,0.156,0.0,0.004,0.0,0.04
263,0.076,0.0,0.0,0.0,0.0,0.0,0.0,0.0,0.0,0.0,0.006,0.0,0.0,0.0,0.85,0.002,0.01,0.0,0.0,0.0,0.008,0.0,0.008,0.0,0.0,0.0,0.0,0.02,0.004,0.0,0.01,0.0,0.002,0.0,0.0,0.0,0.004
264,0.0,0.0,0.0,0.0,0.0,0.0,0.0,0.0,0.0,0.0,0.0,0.002,0.0,0.0,0.0,0.002,0.026,0.0,0.0,0.0,0.0,0.0,0.126,0.0,0.0,0.0,0.0,0.174,0.0,0.0,0.048,0.0,0.0,0.568,0.0,0.0,0.054
265,0.0,0.0,0.0,0.0,0.046,0.0,0.394,0.0,0.0,0.0,0.002,0.0,0.0,0.004,0.0,0.002,0.0,0.0,0.002,0.004,0.002,0.042,0.0,0.008,0.03,0.052,0.116,0.004,0.004,0.24,0.0,0.014,0.022,0.0,0.004,0.0,0.008
266,0.0,0.008,0.0,0.0,0.014,0.004,0.0,0.0,0.0,0.014,0.008,0.774,0.0,0.0,0.002,0.006,0.0,0.032,0.002,0.0,0.0,0.004,0.0,0.0,0.0,0.0,0.002,0.0,0.0,0.0,0.0,0.0,0.002,0.0,0.01,0.118,0.0
267,0.0,0.0,0.0,0.0,0.014,0.0,0.574,0.002,0.0,0.0,0.002,0.0,0.002,0.002,0.0,0.0,0.0,0.0,0.0,0.0,0.0,0.014,0.0,0.002,0.01,0.112,0.026,0.0,0.006,0.21,0.0,0.006,0.016,0.0,0.0,0.0,0.002
268,0.0,0.0,0.0,0.0,0.004,0.0,0.024,0.22,0.0,0.0,0.136,0.016,0.004,0.0,0.002,0.004,0.0,0.002,0.004,0.004,0.002,0.138,0.0,0.0,0.02,0.022,0.002,0.002,0.004,0.038,0.0,0.14,0.068,0.0,0.002,0.0,0.142
269,0.0,0.0,0.004,0.0,0.006,0.0,0.164,0.002,0.0,0.0,0.0,0.0,0.0,0.0,0.0,0.0,0.0,0.0,0.004,0.006,0.002,0.026,0.0,0.0,0.122,0.082,0.41,0.0,0.0,0.116,0.0,0.034,0.02,0.0,0.002,0.0,0.0
270,0.0,0.038,0.008,0.104,0.002,0.0,0.006,0.002,0.0,0.002,0.002,0.0,0.0,0.0,0.0,0.0,0.0,0.054,0.044,0.052,0.014,0.004,0.0,0.0,0.398,0.184,0.048,0.006,0.0,0.006,0.0,0.018,0.008,0.0,0.0,0.0,0.0
271,0.0,0.03,0.058,0.71,0.0,0.0,0.0,0.0,0.0,0.038,0.0,0.0,0.002,0.0,0.0,0.0,0.0,0.016,0.006,0.006,0.002,0.0,0.0,0.0,0.114,0.018,0.0,0.0,0.0,0.0,0.0,0.0,0.0,0.0,0.0,0.0,0.0
272,0.0,0.078,0.094,0.03,0.002,0.0,0.0,0.0,0.0,0.006,0.0,0.002,0.002,0.004,0.0,0.0,0.0,0.04,0.102,0.008,0.004,0.002,0.006,0.0,0.51,0.046,0.036,0.0,0.0,0.012,0.0,0.006,0.01,0.0,0.0,0.0,0.0
273,0.0,0.0,0.0,0.0,0.0,0.0,0.0,0.0,0.0,0.0,0.006,0.006,0.0,0.0,0.0,0.954,0.006,0.004,0.0,0.0,0.0,0.0,0.008,0.0,0.0,0.0,0.0,0.0,0.0,0.0,0.002,0.0,0.002,0.006,0.004,0.0,0.002
274,0.0,0.0,0.008,0.0,0.014,0.114,0.004,0.012,0.0,0.0,0.0,0.002,0.0,0.004,0.0,0.0,0.002,0.026,0.646,0.002,0.0,0.034,0.0,0.0,0.03,0.004,0.028,0.0,0.0,0.026,0.0,0.018,0.002,0.0,0.016,0.0,0.008
275,0.0,0.104,0.308,0.242,0.002,0.004,0.0,0.0,0.0,0.052,0.004,0.0,0.002,0.0,0.0,0.0,0.0,0.038,0.042,0.008,0.004,0.002,0.002,0.0,0.15,0.022,0.004,0.0,0.0,0.002,0.0,0.002,0.006,0.0,0.0,0.0,0.0
276,0.0,0.0,0.0,0.0,0.028,0.004,0.0,0.002,0.0,0.004,0.03,0.204,0.0,0.006,0.0,0.66,0.0,0.012,0.002,0.004,0.0,0.004,0.0,0.008,0.0,0.002,0.0,0.0,0.0,0.008,0.0,0.0,0.0,0.002,0.008,0.0,0.012
277,0.01,0.0,0.0,0.0,0.002,0.0,0.002,0.038,0.0,0.0,0.636,0.02,0.02,0.0,0.014,0.006,0.012,0.008,0.0,0.004,0.042,0.002,0.032,0.002,0.002,0.002,0.0,0.01,0.0,0.0,0.022,0.008,0.056,0.0,0.0,0.0,0.05
278,0.0,0.0,0.0,0.0,0.0,0.0,0.002,0.0,0.0,0.0,0.0,0.0,0.0,0.01,0.038,0.0,0.02,0.0,0.0,0.0,0.0,0.006,0.014,0.012,0.0,0.0,0.0,0.542,0.08,0.03,0.11,0.0,0.0,0.07,0.0,0.0,0.066
279,0.0,0.0,0.0,0.0,0.0,0.002,0.0,0.0,0.0,0.0,0.016,0.028,0.006,0.002,0.006,0.786,0.016,0.002,0.0,0.0,0.0,0.0,0.05,0.002,0.0,0.0,0.0,0.014,0.002,0.004,0.036,0.0,0.006,0.01,0.004,0.0,0.008
280,0.0,0.016,0.032,0.06,0.0,0.0,0.004,0.002,0.0,0.0,0.0,0.0,0.0,0.0,0.0,0.0,0.0,0.022,0.028,0.008,0.0,0.0,0.0,0.0,0.636,0.134,0.022,0.002,0.0,0.01,0.0,0.014,0.01,0.0,0.0,0.0,0.0
281,0.088,0.0,0.0,0.0,0.0,0.0,0.008,0.022,0.0,0.0,0.008,0.0,0.396,0.0,0.0,0.0,0.002,0.002,0.0,0.128,0.014,0.016,0.012,0.002,0.0,0.016,0.0,0.034,0.002,0.006,0.066,0.126,0.048,0.0,0.0,0.0,0.004
282,0.002,0.016,0.01,0.0,0.01,0.262,0.0,0.004,0.0,0.004,0.014,0.038,0.0,0.022,0.01,0.002,0.002,0.154,0.238,0.006,0.002,0.022,0.0,0.004,0.03,0.004,0.004,0.0,0.002,0.06,0.002,0.002,0.004,0.0,0.062,0.006,0.002
283,0.0,0.0,0.0,0.0,0.0,0.0,0.0,0.0,0.0,0.0,0.0,0.0,0.0,0.0,0.0,0.0,0.006,0.0,0.0,0.0,0.0,0.0,0.114,0.056,0.0,0.0,0.0,0.24,0.002,0.01,0.012,0.0,0.0,0.444,0.0,0.0,0.116
284,0.0,0.0,0.0,0.0,0.002,0.0,0.034,0.0,0.0,0.0,0.0,0.0,0.0,0.078,0.0,0.0,0.0,0.0,0.0,0.0,0.0,0.0,0.01,0.838,0.0,0.0,0.0,0.01,0.006,0.006,0.0,0.0,0.0,0.004,0.002,0.0,0.01
285,0.0,0.0,0.002,0.0,0.046,0.014,0.052,0.002,0.0,0.002,0.0,0.0,0.0,0.02,0.0,0.002,0.0,0.0,0.006,0.002,0.0,0.008,0.0,0.0,0.094,0.008,0.634,0.002,0.0,0.082,0.0,0.006,0.012,0.0,0.002,0.0,0.004
286,0.0,0.0,0.006,0.004,0.0,0.0,0.03,0.002,0.0,0.0,0.0,0.0,0.0,0.002,0.0,0.0,0.0,0.0,0.016,0.002,0.0,0.01,0.0,0.0,0.178,0.022,0.638,0.0,0.0,0.072,0.0,0.014,0.004,0.0,0.0,0.0,0.0
287,0.0,0.438,0.038,0.216,0.0,0.0,0.0,0.002,0.0,0.272,0.0,0.0,0.0,0.0,0.0,0.0,0.0,0.024,0.0,0.004,0.0,0.0,0.0,0.0,0.002,0.002,0.0,0.0,0.0,0.002,0.0,0.0,0.0,0.0,0.0,0.0,0.0
288,0.0,0.0,0.0,0.0,0.0,0.0,0.026,0.154,0.0,0.0,0.002,0.0,0.004,0.0,0.0,0.0,0.0,0.0,0.0,0.096,0.026,0.052,0.006,0.002,0.002,0.046,0.0,0.004,0.0,0.04,0.004,0.514,0.018,0.0,0.0,0.0,0.004
289,0.006,0.0,0.0,0.0,0.0,0.0,0.192,0.006,0.0,0.0,0.004,0.0,0.002,0.0,0.0,0.0,0.0,0.0,0.0,0.02,0.0,0.044,0.004,0.008,0.0,0.242,0.002,0.018,0.02,0.292,0.002,0.068,0.064,0.0,0.0,0.0,0.006
290,0.022,0.0,0.0,0.0,0.0,0.0,0.0,0.004,0.0,0.0,0.014,0.01,0.008,0.002,0.01,0.008,0.83,0.0,0.002,0.004,0.02,0.004,0.004,0.0,0.002,0.0,0.0,0.014,0.0,0.0,0.026,0.006,0.006,0.0,0.0,0.0,0.004
291,0.0,0.022,0.002,0.074,0.0,0.0,0.0,0.0,0.0,0.002,0.0,0.0,0.0,0.0,0.0,0.0,0.0,0.008,0.02,0.002,0.0,0.0,0.0,0.0,0.798,0.032,0.024,0.002,0.0,0.002,0.0,0.0,0.012,0.0,0.0,0.0,0.0
292,0.0,0.0,0.0,0.0,0.0,0.004,0.0,0.0,0.004,0.002,0.014,0.006,0.0,0.006,0.0,0.0,0.0,0.002,0.006,0.0,0.0,0.0,0.0,0.0,0.0,0.0,0.0,0.0,0.0,0.0,0.0,0.0,0.0,0.0,0.002,0.954,0.0
293,0.0,0.032,0.022,0.032,0.0,0.0,0.0,0.016,0.0,0.842,0.012,0.006,0.002,0.0,0.0,0.0,0.0,0.008,0.0,0.004,0.01,0.004,0.004,0.0,0.0,0.002,0.0,0.0,0.0,0.0,0.002,0.002,0.0,0.0,0.0,0.0,0.0
294,0.0,0.0,0.0,0.0,0.0,0.0,0.514,0.008,0.0,0.0,0.002,0.0,0.0,0.0,0.0,0.0,0.0,0.0,0.004,0.018,0.0,0.006,0.002,0.004,0.0,0.142,0.006,0.004,0.0,0.186,0.0,0.084,0.016,0.0,0.0,0.0,0.004
295,0.004,0.02,0.004,0.012,0.002,0.002,0.016,0.048,0.0,0.012,0.02,0.018,0.008,0.0,0.0,0.0,0.0,0.082,0.01,0.122,0.168,0.036,0.012,0.0,0.022,0.208,0.004,0.008,0.0,0.018,0.004,0.05,0.086,0.0,0.002,0.0,0.002
296,0.146,0.0,0.0,0.0,0.0,0.002,0.006,0.0,0.0,0.0,0.0,0.0,0.0,0.044,0.074,0.0,0.01,0.0,0.0,0.002,0.048,0.058,0.054,0.016,0.0,0.0,0.0,0.102,0.182,0.04,0.012,0.004,0.028,0.006,0.0,0.0,0.166
297,0.07,0.002,0.0,0.002,0.0,0.0,0.0,0.066,0.0,0.004,0.052,0.012,0.086,0.0,0.006,0.002,0.012,0.004,0.002,0.084,0.074,0.012,0.046,0.002,0.008,0.022,0.0,0.018,0.002,0.01,0.07,0.064,0.256,0.0,0.0,0.0,0.012
298,0.0,0.0,0.0,0.0,0.0,0.0,0.0,0.0,0.0,0.0,0.002,0.0,0.0,0.02,0.002,0.0,0.078,0.0,0.0,0.0,0.0,0.0,0.138,0.07,0.0,0.0,0.0,0.34,0.02,0.01,0.082,0.0,0.0,0.156,0.0,0.0,0.082
299,0.0,0.006,0.004,0.0,0.004,0.002,0.0,0.758,0.0,0.02,0.016,0.002,0.0,0.002,0.0,0.004,0.0,0.024,0.004,0.0,0.004,0.036,0.002,0.0,0.018,0.002,0.006,0.0,0.0,0.004,0.0,0.038,0.0,0.0,0.002,0.0,0.042
300,0.0,0.0,0.0,0.0,0.002,0.0,0.592,0.002,0.0,0.0,0.0,0.002,0.0,0.002,0.0,0.002,0.0,0.0,0.0,0.008,0.0,0.03,0.0,0.008,0.002,0.084,0.006,0.006,0.008,0.216,0.0,0.012,0.016,0.0,0.0,0.0,0.002
301,0.0,0.03,0.032,0.066,0.002,0.0,0.0,0.0,0.0,0.006,0.0,0.0,0.0,0.0,0.0,0.0,0.0,0.026,0.026,0.026,0.0,0.0,0.0,0.0,0.556,0.176,0.022,0.0,0.0,0.012,0.0,0.01,0.01,0.0,0.0,0.0,0.0
302,0.522,0.0,0.0,0.0,0.0,0.0,0.0,0.002,0.0,0.0,0.0,0.004,0.01,0.0,0.038,0.0,0.018,0.0,0.0,0.026,0.022,0.096,0.04,0.002,0.0,0.0,0.0,0.158,0.006,0.02,0.014,0.002,0.014,0.0,0.0,0.0,0.006
303,0.0,0.0,0.004,0.004,0.0,0.002,0.004,0.268,0.0,0.002,0.0,0.0,0.004,0.0,0.0,0.0,0.0,0.002,0.012,0.016,0.028,0.094,0.008,0.0,0.006,0.002,0.0,0.008,0.0,0.002,0.004,0.51,0.006,0.0,0.0,0.0,0.014
304,0.0,0.0,0.0,0.0,0.0,0.024,0.0,0.0,0.964,0.0,0.0,0.0,0.0,0.0,0.0,0.002,0.002,0.004,0.0,0.0,0.0,0.0,0.0,0.0,0.0,0.0,0.0,0.0,0.0,0.0,0.0,0.0,0.0,0.0,0.002,0.002,0.0
305,0.0,0.088,0.026,0.054,0.0,0.0,0.0,0.064,0.0,0.022,0.004,0.0,0.016,0.0,0.0,0.0,0.0,0.076,0.004,0.084,0.432,0.002,0.024,0.0,0.01,0.08,0.0,0.0,0.0,0.0,0.002,0.01,0.002,0.0,0.0,0.0,0.0
306,0.0,0.0,0.008,0.0,0.216,0.12,0.002,0.012,0.0,0.002,0.006,0.002,0.0,0.042,0.0,0.0,0.002,0.032,0.132,0.0,0.0,0.06,0.0,0.012,0.028,0.002,0.074,0.0,0.0,0.186,0.0,0.006,0.002,0.0,0.046,0.0,0.008
307,0.0,0.0,0.0,0.0,0.0,0.0,0.002,0.0,0.0,0.0,0.0,0.0,0.0,0.012,0.01,0.0,0.062,0.0,0.0,0.0,0.0,0.002,0.006,0.024,0.0,0.0,0.0,0.138,0.416,0.016,0.166,0.0,0.0,0.02,0.0,0.0,0.126
308,0.016,0.0,0.0,0.0,0.0,0.0,0.0,0.002,0.032,0.0,0.006,0.0,0.0,0.0,0.004,0.006,0.896,0.0,0.002,0.002,0.002,0.002,0.004,0.002,0.0,0.0,0.0,0.006,0.0,0.0,0.008,0.0,0.004,0.002,0.0,0.004,0.0
309,0.0,0.452,0.102,0.022,0.002,0.004,0.0,0.006,0.0,0.044,0.0,0.012,0.002,0.0,0.0,0.0,0.0,0.278,0.024,0.006,0.006,0.0,0.002,0.0,0.026,0.0,0.0,0.0,0.0,0.002,0.0,0.004,0.002,0.0,0.002,0.0,0.002
310,0.0,0.0,0.0,0.0,0.0,0.0,0.0,0.0,0.0,0.0,0.0,0.0,0.0,0.002,0.0,0.002,0.002,0.0,0.0,0.0,0.0,0.0,0.314,0.05,0.0,0.0,0.0,0.228,0.0,0.026,0.002,0.0,0.0,0.35,0.004,0.0,0.02
311,0.0,0.132,0.4,0.116,0.006,0.006,0.0,0.002,0.0,0.044,0.0,0.0,0.0,0.0,0.0,0.0,0.0,0.07,0.042,0.002,0.002,0.0,0.002,0.0,0.154,0.004,0.006,0.0,0.0,0.006,0.0,0.002,0.002,0.0,0.002,0.0,0.0
312,0.666,0.0,0.0,0.0,0.0,0.0,0.0,0.0,0.0,0.0,0.004,0.0,0.0,0.0,0.256,0.0,0.022,0.0,0.0,0.0,0.002,0.002,0.008,0.0,0.0,0.0,0.0,0.012,0.006,0.004,0.006,0.0,0.012,0.0,0.0,0.0,0.0
313,0.0,0.0,0.0,0.0,0.0,0.008,0.0,0.0,0.988,0.0,0.0,0.002,0.0,0.0,0.0,0.0,0.002,0.0,0.0,0.0,0.0,0.0,0.0,0.0,0.0,0.0,0.0,0.0,0.0,0.0,0.0,0.0,0.0,0.0,0.0,0.0,0.0
314,0.0,0.002,0.056,0.014,0.0,0.002,0.01,0.02,0.0,0.002,0.0,0.0,0.0,0.0,0.0,0.0,0.0,0.014,0.14,0.054,0.004,0.014,0.0,0.0,0.23,0.166,0.09,0.006,0.0,0.058,0.002,0.102,0.014,0.0,0.0,0.0,0.0
315,0.092,0.002,0.0,0.0,0.0,0.0,0.0,0.058,0.0,0.002,0.016,0.004,0.18,0.0,0.002,0.0,0.004,0.022,0.0,0.042,0.154,0.004,0.08,0.0,0.002,0.02,0.0,0.036,0.0,0.006,0.082,0.028,0.16,0.0,0.0,0.0,0.004
316,0.0,0.002,0.004,0.004,0.006,0.004,0.004,0.006,0.0,0.0,0.0,0.0,0.0,0.006,0.0,0.0,0.0,0.002,0.154,0.0,0.0,0.008,0.0,0.0,0.05,0.002,0.518,0.0,0.0,0.2,0.0,0.02,0.01,0.0,0.0,0.0,0.0
317,0.002,0.0,0.0,0.0,0.0,0.0,0.0,0.0,0.0,0.0,0.0,0.0,0.0,0.022,0.086,0.0,0.024,0.0,0.0,0.0,0.0,0.0,0.006,0.008,0.0,0.0,0.0,0.338,0.09,0.082,0.286,0.0,0.0,0.008,0.0,0.0,0.048
318,0.008,0.002,0.0,0.002,0.0,0.0,0.0,0.07,0.0,0.0,0.008,0.0,0.414,0.0,0.0,0.0,0.002,0.016,0.0,0.03,0.186,0.004,0.074,0.0,0.0,0.034,0.0,0.046,0.0,0.0,0.078,0.024,0.002,0.0,0.0,0.0,0.0
319,0.008,0.0,0.0,0.0,0.01,0.002,0.064,0.0,0.0,0.0,0.004,0.002,0.0,0.04,0.01,0.0,0.004,0.002,0.0,0.004,0.002,0.072,0.002,0.172,0.004,0.036,0.0,0.03,0.068,0.04,0.008,0.006,0.294,0.0,0.008,0.0,0.108
320,0.046,0.0,0.002,0.0,0.0,0.0,0.016,0.016,0.0,0.002,0.0,0.006,0.166,0.0,0.002,0.0,0.008,0.004,0.0,0.11,0.064,0.03,0.026,0.0,0.006,0.026,0.0,0.12,0.002,0.02,0.052,0.188,0.084,0.0,0.0,0.0,0.004
321,0.0,0.0,0.0,0.0,0.0,0.0,0.0,0.002,0.0,0.0,0.002,0.98,0.0,0.0,0.0,0.01,0.0,0.004,0.0,0.0,0.0,0.002,0.0,0.0,0.0,0.0,0.0,0.0,0.0,0.0,0.0,0.0,0.0,0.0,0.0,0.0,0.0
322,0.072,0.006,0.0,0.0,0.0,0.0,0.0,0.156,0.0,0.0,0.016,0.014,0.162,0.0,0.004,0.002,0.008,0.0,0.0,0.128,0.178,0.004,0.118,0.002,0.004,0.014,0.0,0.006,0.002,0.002,0.03,0.024,0.04,0.0,0.002,0.0,0.006
323,0.0,0.048,0.008,0.016,0.004,0.006,0.002,0.112,0.0,0.024,0.014,0.14,0.004,0.0,0.0,0.03,0.0,0.05,0.026,0.376,0.034,0.006,0.006,0.0,0.014,0.008,0.002,0.0,0.0,0.002,0.006,0.024,0.034,0.0,0.0,0.002,0.002
324,0.064,0.0,0.0,0.0,0.0,0.0,0.006,0.006,0.0,0.0,0.012,0.002,0.002,0.002,0.01,0.0,0.014,0.0,0.0,0.012,0.012,0.006,0.016,0.004,0.002,0.006,0.0,0.02,0.004,0.004,0.006,0.022,0.762,0.0,0.0,0.0,0.006
325,0.0,0.004,0.0,0.0,0.0,0.56,0.0,0.0,0.308,0.002,0.04,0.002,0.0,0.004,0.0,0.0,0.006,0.0,0.0,0.0,0.0,0.0,0.0,0.0,0.0,0.0,0.0,0.0,0.0,0.0,0.002,0.0,0.0,0.002,0.028,0.042,0.0
326,0.0,0.032,0.008,0.844,0.0,0.0,0.0,0.0,0.0,0.1,0.0,0.0,0.0,0.0,0.0,0.0,0.0,0.01,0.0,0.002,0.004,0.0,0.0,0.0,0.0,0.0,0.0,0.0,0.0,0.0,0.0,0.0,0.0,0.0,0.0,0.0,0.0
327,0.0,0.056,0.024,0.242,0.0,0.0,0.0,0.002,0.0,0.008,0.0,0.0,0.002,0.0,0.0,0.0,0.0,0.062,0.004,0.036,0.044,0.01,0.004,0.0,0.18,0.262,0.002,0.006,0.0,0.01,0.0,0.02,0.026,0.0,0.0,0.0,0.0
328,0.048,0.0,0.0,0.0,0.0,0.0,0.022,0.0,0.0,0.0,0.0,0.0,0.004,0.038,0.038,0.0,0.008,0.0,0.0,0.006,0.006,0.054,0.018,0.114,0.002,0.0,0.0,0.118,0.216,0.218,0.01,0.008,0.036,0.0,0.0,0.0,0.036
329,0.0,0.0,0.0,0.0,0.012,0.06,0.0,0.002,0.0,0.0,0.006,0.004,0.0,0.776,0.0,0.0,0.0,0.0,0.044,0.0,0.0,0.004,0.0,0.002,0.002,0.0,0.004,0.0,0.002,0.014,0.0,0.0,0.0,0.002,0.064,0.002,0.0
330,0.108,0.0,0.0,0.0,0.0,0.0,0.0,0.006,0.0,0.0,0.02,0.004,0.496,0.0,0.008,0.002,0.024,0.0,0.0,0.048,0.034,0.01,0.072,0.0,0.0,0.0,0.0,0.0,0.0,0.002,0.15,0.014,0.0,0.0,0.0,0.0,0.002
331,0.08,0.0,0.0,0.0,0.0,0.0,0.0,0.008,0.0,0.0,0.006,0.0,0.538,0.0,0.002,0.0,0.008,0.0,0.0,0.102,0.034,0.01,0.022,0.0,0.0,0.002,0.0,0.016,0.0,0.002,0.114,0.038,0.012,0.0,0.0,0.0,0.006
332,0.0,0.004,0.028,0.124,0.0,0.002,0.008,0.008,0.0,0.006,0.002,0.0,0.0,0.0,0.0,0.0,0.0,0.016,0.058,0.012,0.016,0.02,0.002,0.0,0.292,0.3,0.02,0.006,0.0,0.026,0.0,0.04,0.01,0.0,0.0,0.0,0.0
333,0.0,0.0,0.002,0.0,0.25,0.006,0.058,0.016,0.0,0.0,0.004,0.006,0.002,0.038,0.0,0.004,0.0,0.02,0.056,0.006,0.0,0.042,0.0,0.014,0.012,0.016,0.04,0.0,0.006,0.12,0.002,0.024,0.042,0.0,0.186,0.0,0.028
334,0.002,0.024,0.01,0.008,0.0,0.002,0.006,0.038,0.0,0.006,0.002,0.008,0.004,0.0,0.0,0.0,0.0,0.014,0.008,0.592,0.112,0.004,0.006,0.0,0.016,0.086,0.0,0.002,0.0,0.002,0.01,0.03,0.008,0.0,0.0,0.0,0.0
335,0.0,0.008,0.02,0.0,0.01,0.034,0.0,0.0,0.0,0.086,0.566,0.008,0.0,0.008,0.0,0.01,0.0,0.008,0.06,0.0,0.002,0.0,0.0,0.0,0.0,0.0,0.0,0.0,0.0,0.002,0.0,0.0,0.0,0.0,0.112,0.066,0.0
336,0.02,0.002,0.002,0.0,0.0,0.0,0.0,0.124,0.0,0.008,0.006,0.012,0.282,0.0,0.004,0.0,0.012,0.002,0.0,0.04,0.252,0.0,0.15,0.0,0.006,0.016,0.0,0.014,0.0,0.0,0.038,0.004,0.006,0.0,0.0,0.0,0.0
337,0.132,0.0,0.0,0.0,0.002,0.0,0.008,0.002,0.0,0.0,0.004,0.002,0.012,0.008,0.046,0.0,0.02,0.0,0.0,0.006,0.044,0.03,0.042,0.052,0.002,0.0,0.0,0.172,0.036,0.02,0.024,0.006,0.296,0.0,0.002,0.0,0.032
338,0.004,0.0,0.0,0.0,0.0,0.0,0.022,0.112,0.0,0.0,0.04,0.002,0.006,0.0,0.0,0.0,0.0,0.0,0.0,0.008,0.0,0.112,0.002,0.0,0.0,0.016,0.0,0.004,0.0,0.058,0.0,0.554,0.03,0.0,0.0,0.0,0.03
339,0.02,0.004,0.0,0.002,0.0,0.0,0.0,0.042,0.0,0.004,0.734,0.032,0.0,0.002,0.008,0.02,0.004,0.004,0.0,0.008,0.014,0.002,0.022,0.0,0.0,0.004,0.0,0.004,0.0,0.002,0.0,0.004,0.024,0.0,0.004,0.0,0.036
340,0.0,0.0,0.0,0.0,0.0,0.0,0.0,0.0,0.0,0.0,0.0,0.0,0.0,0.052,0.0,0.0,0.008,0.0,0.0,0.0,0.0,0.0,0.0,0.014,0.0,0.0,0.0,0.024,0.764,0.028,0.068,0.0,0.002,0.0,0.0,0.0,0.04
341,0.0,0.0,0.0,0.0,0.0,0.192,0.0,0.0,0.712,0.0,0.026,0.0,0.0,0.04,0.0,0.0,0.0,0.0,0.004,0.0,0.0,0.0,0.0,0.0,0.0,0.0,0.0,0.0,0.0,0.002,0.0,0.0,0.0,0.0,0.002,0.022,0.0
342,0.0,0.438,0.176,0.086,0.004,0.0,0.0,0.002,0.0,0.028,0.002,0.0,0.004,0.0,0.0,0.0,0.0,0.21,0.022,0.002,0.0,0.0,0.0,0.0,0.02,0.0,0.0,0.002,0.0,0.0,0.0,0.002,0.002,0.0,0.0,0.0,0.0
343,0.0,0.234,0.002,0.258,0.002,0.0,0.0,0.02,0.0,0.03,0.004,0.0,0.002,0.0,0.0,0.0,0.0,0.124,0.012,0.07,0.052,0.008,0.004,0.0,0.112,0.044,0.0,0.002,0.0,0.0,0.004,0.014,0.002,0.0,0.0,0.0,0.0
344,0.008,0.006,0.002,0.0,0.0,0.0,0.022,0.066,0.0,0.0,0.02,0.014,0.006,0.0,0.0,0.002,0.012,0.006,0.004,0.132,0.034,0.026,0.028,0.0,0.024,0.116,0.0,0.012,0.0,0.028,0.006,0.088,0.322,0.0,0.002,0.0,0.014
345,0.0,0.0,0.0,0.0,0.0,0.0,0.0,0.0,0.0,0.0,0.0,0.002,0.0,0.0,0.0,0.002,0.002,0.0,0.0,0.0,0.0,0.0,0.19,0.0,0.0,0.0,0.0,0.146,0.0,0.0,0.024,0.0,0.0,0.514,0.0,0.0,0.12
346,0.002,0.016,0.006,0.0,0.01,0.266,0.0,0.014,0.0,0.006,0.03,0.126,0.0,0.016,0.004,0.004,0.002,0.12,0.184,0.0,0.002,0.018,0.002,0.002,0.014,0.0,0.004,0.0,0.002,0.056,0.006,0.006,0.008,0.0,0.062,0.012,0.0
347,0.0,0.016,0.0,0.012,0.0,0.004,0.018,0.146,0.0,0.014,0.002,0.002,0.01,0.0,0.0,0.0,0.0,0.064,0.04,0.11,0.042,0.054,0.012,0.002,0.03,0.096,0.006,0.022,0.0,0.016,0.004,0.264,0.008,0.0,0.0,0.0,0.006
348,0.0,0.072,0.254,0.222,0.004,0.002,0.0,0.0,0.0,0.036,0.004,0.0,0.002,0.0,0.0,0.0,0.0,0.034,0.066,0.004,0.002,0.006,0.006,0.0,0.212,0.018,0.038,0.0,0.0,0.008,0.0,0.002,0.006,0.0,0.002,0.0,0.0
349,0.028,0.012,0.004,0.004,0.0,0.0,0.0,0.04,0.0,0.01,0.018,0.004,0.316,0.0,0.002,0.0,0.004,0.014,0.0,0.03,0.074,0.0,0.046,0.0,0.002,0.026,0.0,0.036,0.0,0.004,0.202,0.068,0.054,0.0,0.0,0.0,0.002
350,0.002,0.036,0.078,0.022,0.004,0.024,0.0,0.01,0.0,0.014,0.0,0.006,0.0,0.002,0.0,0.0,0.0,0.3,0.24,0.018,0.002,0.012,0.0,0.0,0.19,0.006,0.012,0.002,0.0,0.01,0.002,0.006,0.002,0.0,0.0,0.0,0.0
351,0.0,0.0,0.032,0.03,0.0,0.002,0.006,0.006,0.0,0.0,0.0,0.0,0.0,0.0,0.0,0.0,0.0,0.004,0.078,0.01,0.002,0.012,0.0,0.0,0.256,0.106,0.352,0.0,0.0,0.048,0.002,0.028,0.026,0.0,0.0,0.0,0.0
352,0.0,0.0,0.0,0.0,0.002,0.04,0.0,0.0,0.914,0.0,0.01,0.0,0.0,0.002,0.0,0.0,0.0,0.0,0.0,0.0,0.0,0.0,0.0,0.0,0.0,0.0,0.0,0.0,0.0,0.0,0.0,0.0,0.0,0.0,0.006,0.026,0.0
353,0.0,0.012,0.004,0.0,0.026,0.064,0.0,0.192,0.0,0.004,0.038,0.048,0.0,0.026,0.0,0.004,0.0,0.082,0.154,0.0,0.0,0.064,0.0,0.002,0.0,0.0,0.004,0.002,0.004,0.05,0.004,0.008,0.0,0.002,0.184,0.008,0.014
354,0.0,0.136,0.028,0.012,0.004,0.006,0.0,0.01,0.0,0.658,0.014,0.012,0.002,0.0,0.0,0.002,0.0,0.096,0.006,0.002,0.0,0.004,0.004,0.0,0.0,0.0,0.002,0.0,0.0,0.002,0.0,0.0,0.0,0.0,0.0,0.0,0.0
355,0.004,0.0,0.0,0.0,0.0,0.0,0.05,0.132,0.0,0.0,0.01,0.0,0.008,0.0,0.0,0.0,0.0,0.002,0.004,0.028,0.006,0.086,0.006,0.0,0.0,0.062,0.0,0.006,0.0,0.05,0.0,0.504,0.024,0.0,0.0,0.0,0.018
356,0.01,0.0,0.0,0.0,0.0,0.0,0.0,0.0,0.0,0.0,0.0,0.002,0.0,0.028,0.134,0.0,0.012,0.0,0.0,0.0,0.0,0.006,0.018,0.002,0.0,0.0,0.0,0.356,0.262,0.012,0.122,0.0,0.004,0.002,0.0,0.0,0.03
357,0.0,0.0,0.0,0.0,0.006,0.0,0.346,0.002,0.0,0.0,0.004,0.002,0.0,0.0,0.0,0.0,0.0,0.0,0.002,0.008,0.002,0.146,0.0,0.062,0.004,0.088,0.02,0.008,0.038,0.196,0.0,0.012,0.03,0.0,0.008,0.0,0.016
358,0.0,0.0,0.0,0.0,0.0,0.0,0.0,0.0,0.0,0.0,0.0,0.0,0.0,0.098,0.008,0.0,0.01,0.0,0.0,0.0,0.0,0.0,0.0,0.086,0.0,0.0,0.0,0.194,0.24,0.204,0.058,0.0,0.0,0.008,0.0,0.0,0.094
359,0.0,0.0,0.0,0.0,0.002,0.022,0.0,0.0,0.0,0.002,0.018,0.026,0.0,0.006,0.0,0.008,0.01,0.002,0.014,0.0,0.0,0.002,0.0,0.0,0.0,0.0,0.0,0.002,0.0,0.0,0.002,0.0,0.0,0.0,0.024,0.86,0.0
360,0.0,0.002,0.0,0.0,0.008,0.002,0.0,0.566,0.0,0.012,0.018,0.0,0.0,0.004,0.0,0.008,0.0,0.01,0.008,0.0,0.0,0.114,0.0,0.0,0.022,0.002,0.002,0.0,0.0,0.004,0.0,0.148,0.002,0.0,0.002,0.0,0.066
361,0.0,0.052,0.068,0.742,0.0,0.0,0.0,0.0,0.0,0.076,0.0,0.0,0.0,0.0,0.0,0.0,0.0,0.012,0.004,0.002,0.002,0.0,0.0,0.0,0.036,0.006,0.0,0.0,0.0,0.0,0.0,0.0,0.0,0.0,0.0,0.0,0.0
362,0.0,0.0,0.0,0.0,0.0,0.0,0.0,0.0,0.0,0.0,0.0,0.0,0.0,0.24,0.0,0.002,0.004,0.0,0.0,0.0,0.0,0.0,0.006,0.146,0.0,0.0,0.0,0.174,0.094,0.08,0.098,0.0,0.0,0.016,0.002,0.0,0.138
363,0.002,0.054,0.018,0.026,0.008,0.0,0.002,0.088,0.0,0.06,0.036,0.112,0.0,0.0,0.002,0.026,0.0,0.076,0.064,0.072,0.032,0.028,0.004,0.0,0.108,0.032,0.012,0.004,0.0,0.016,0.0,0.064,0.03,0.0,0.0,0.0,0.024
364,0.0,0.0,0.002,0.0,0.002,0.538,0.0,0.0,0.004,0.0,0.086,0.004,0.0,0.152,0.006,0.002,0.006,0.016,0.092,0.0,0.0,0.0,0.002,0.0,0.002,0.0,0.0,0.002,0.0,0.002,0.002,0.0,0.0,0.0,0.06,0.02,0.0
365,0.0,0.0,0.0,0.0,0.02,0.158,0.0,0.004,0.0,0.0,0.064,0.002,0.0,0.058,0.0,0.004,0.0,0.006,0.342,0.0,0.0,0.0,0.0,0.004,0.0,0.0,0.0,0.0,0.0,0.022,0.0,0.002,0.0,0.0,0.298,0.006,0.01
366,0.0,0.0,0.0,0.0,0.0,0.0,0.0,0.0,0.996,0.0,0.004,0.0,0.0,0.0,0.0,0.0,0.0,0.0,0.0,0.0,0.0,0.0,0.0,0.0,0.0,0.0,0.0,0.0,0.0,0.0,0.0,0.0,0.0,0.0,0.0,0.0,0.0
367,0.924,0.0,0.0,0.0,0.0,0.0,0.0,0.0,0.0,0.0,0.0,0.0,0.008,0.0,0.014,0.0,0.006,0.0,0.0,0.014,0.008,0.01,0.006,0.0,0.0,0.0,0.0,0.004,0.0,0.0,0.002,0.0,0.004,0.0,0.0,0.0,0.0
368,0.002,0.0,0.0,0.0,0.0,0.0,0.0,0.0,0.0,0.0,0.0,0.0,0.0,0.002,0.002,0.0,0.002,0.0,0.0,0.0,0.0,0.0,0.192,0.034,0.0,0.0,0.0,0.268,0.002,0.0,0.01,0.0,0.0,0.372,0.0,0.0,0.114
369,0.028,0.0,0.0,0.0,0.0,0.0,0.0,0.0,0.0,0.0,0.004,0.004,0.0,0.0,0.034,0.0,0.906,0.0,0.002,0.0,0.002,0.0,0.0,0.0,0.002,0.0,0.0,0.008,0.0,0.0,0.002,0.0,0.006,0.0,0.0,0.002,0.0
370,0.0,0.0,0.0,0.0,0.0,0.102,0.0,0.0,0.004,0.0,0.074,0.026,0.0,0.022,0.0,0.004,0.002,0.006,0.008,0.0,0.0,0.0,0.002,0.0,0.0,0.0,0.0,0.002,0.0,0.0,0.0,0.0,0.0,0.0,0.036,0.712,0.0
371,0.0,0.0,0.004,0.002,0.18,0.03,0.02,0.006,0.0,0.002,0.022,0.004,0.0,0.082,0.0,0.0,0.0,0.028,0.066,0.002,0.0,0.066,0.0,0.008,0.012,0.01,0.044,0.0,0.002,0.184,0.0,0.012,0.01,0.0,0.194,0.0,0.01
372,0.0,0.066,0.006,0.282,0.0,0.002,0.0,0.01,0.0,0.01,0.0,0.0,0.002,0.0,0.0,0.0,0.0,0.184,0.038,0.006,0.01,0.004,0.002,0.0,0.322,0.02,0.006,0.002,0.0,0.0,0.0,0.026,0.0,0.0,0.0,0.0,0.002
373,0.0,0.0,0.0,0.0,0.002,0.002,0.018,0.002,0.0,0.0,0.002,0.0,0.0,0.018,0.0,0.018,0.014,0.0,0.0,0.0,0.002,0.002,0.0,0.884,0.0,0.002,0.0,0.002,0.002,0.0,0.0,0.002,0.006,0.0,0.006,0.0,0.016
374,0.0,0.0,0.0,0.0,0.002,0.03,0.0,0.0,0.946,0.0,0.0,0.0,0.0,0.004,0.0,0.0,0.004,0.0,0.0,0.0,0.0,0.0,0.0,0.004,0.0,0.0,0.0,0.0,0.0,0.0,0.0,0.0,0.0,0.0,0.01,0.0,0.0
375,0.0,0.012,0.0,0.006,0.0,0.004,0.002,0.038,0.0,0.004,0.002,0.004,0.008,0.0,0.0,0.002,0.0,0.006,0.002,0.576,0.244,0.002,0.006,0.0,0.002,0.038,0.002,0.002,0.0,0.004,0.004,0.024,0.004,0.0,0.002,0.0,0.0
376,0.006,0.0,0.0,0.0,0.0,0.0,0.0,0.0,0.0,0.0,0.0,0.0,0.0,0.008,0.036,0.006,0.028,0.0,0.0,0.0,0.0,0.002,0.022,0.002,0.0,0.0,0.0,0.358,0.106,0.0,0.398,0.0,0.002,0.014,0.0,0.0,0.012
377,0.068,0.0,0.0,0.0,0.002,0.0,0.0,0.008,0.0,0.0,0.078,0.024,0.026,0.002,0.464,0.012,0.044,0.002,0.0,0.004,0.016,0.01,0.066,0.002,0.0,0.0,0.0,0.026,0.012,0.004,0.068,0.0,0.026,0.004,0.002,0.002,0.028
378,0.0,0.0,0.0,0.0,0.0,0.0,0.002,0.0,0.0,0.0,0.0,0.0,0.0,0.05,0.0,0.0,0.008,0.0,0.0,0.0,0.0,0.0,0.0,0.022,0.0,0.0,0.0,0.018,0.724,0.026,0.106,0.0,0.0,0.002,0.0,0.0,0.042
379,0.002,0.0,0.0,0.0,0.0,0.0,0.0,0.0,0.0,0.0,0.0,0.002,0.0,0.04,0.002,0.002,0.016,0.0,0.0,0.0,0.0,0.006,0.028,0.056,0.0,0.0,0.0,0.472,0.072,0.034,0.11,0.0,0.002,0.072,0.0,0.0,0.084
380,0.0,0.004,0.0,0.0,0.0,0.0,0.01,0.018,0.0,0.0,0.0,0.01,0.002,0.0,0.0,0.006,0.0,0.006,0.006,0.612,0.038,0.016,0.006,0.0,0.014,0.106,0.002,0.006,0.0,0.018,0.006,0.052,0.062,0.0,0.0,0.0,0.0
381,0.0,0.0,0.0,0.0,0.0,0.0,0.0,0.0,0.0,0.0,0.0,0.0,0.0,0.0,0.0,0.0,0.0,0.0,0.0,0.0,0.0,0.0,0.278,0.024,0.0,0.0,0.0,0.388,0.0,0.088,0.0,0.0,0.0,0.148,0.002,0.0,0.072
382,0.0,0.494,0.032,0.264,0.0,0.0,0.0,0.004,0.0,0.15,0.004,0.02,0.0,0.0,0.0,0.002,0.0,0.018,0.002,0.004,0.002,0.0,0.0,0.0,0.004,0.0,0.0,0.0,0.0,0.0,0.0,0.0,0.0,0.0,0.0,0.0,0.0
383,0.246,0.0,0.0,0.0,0.0,0.0,0.01,0.002,0.0,0.0,0.002,0.0,0.07,0.0,0.004,0.002,0.006,0.0,0.002,0.094,0.028,0.028,0.026,0.0,0.0,0.006,0.0,0.142,0.022,0.01,0.044,0.056,0.196,0.0,0.0,0.0,0.004
384,0.0,0.0,0.0,0.0,0.002,0.0,0.0,0.0,0.0,0.0,0.004,0.016,0.0,0.0,0.0,0.92,0.002,0.01,0.0,0.0,0.0,0.0,0.01,0.002,0.0,0.0,0.0,0.006,0.0,0.002,0.002,0.0,0.002,0.012,0.002,0.0,0.008
385,0.334,0.0,0.0,0.0,0.0,0.0,0.0,0.002,0.0,0.0,0.002,0.0,0.004,0.002,0.028,0.0,0.004,0.0,0.0,0.008,0.13,0.016,0.15,0.002,0.0,0.0,0.0,0.176,0.02,0.008,0.024,0.004,0.078,0.0,0.0,0.0,0.008
386,0.0,0.022,0.004,0.116,0.0,0.0,0.0,0.0,0.0,0.002,0.0,0.0,0.0,0.0,0.0,0.0,0.0,0.026,0.016,0.002,0.002,0.0,0.0,0.0,0.76,0.03,0.012,0.0,0.0,0.0,0.0,0.0,0.008,0.0,0.0,0.0,0.0
387,0.0,0.0,0.0,0.0,0.004,0.052,0.0,0.006,0.0,0.004,0.08,0.004,0.002,0.076,0.0,0.008,0.006,0.01,0.102,0.0,0.0,0.006,0.008,0.0,0.006,0.0,0.0,0.004,0.0,0.006,0.004,0.002,0.004,0.006,0.586,0.008,0.006
388,0.0,0.008,0.004,0.0,0.212,0.032,0.042,0.046,0.0,0.01,0.01,0.026,0.002,0.014,0.002,0.018,0.002,0.056,0.078,0.03,0.012,0.05,0.004,0.014,0.02,0.018,0.06,0.0,0.006,0.064,0.0,0.03,0.052,0.0,0.028,0.0,0.05
389,0.0,0.0,0.0,0.0,0.0,0.006,0.0,0.0,0.0,0.0,0.004,0.004,0.0,0.006,0.0,0.0,0.002,0.002,0.004,0.0,0.0,0.0,0.0,0.0,0.0,0.0,0.0,0.0,0.0,0.0,0.0,0.0,0.0,0.0,0.0,0.972,0.0
390,0.0,0.198,0.038,0.16,0.0,0.004,0.0,0.03,0.0,0.066,0.004,0.0,0.006,0.0,0.0,0.0,0.0,0.108,0.024,0.024,0.078,0.008,0.004,0.0,0.112,0.082,0.01,0.008,0.0,0.002,0.002,0.016,0.008,0.0,0.0,0.0,0.008
