,proba_0,proba_1,proba_2
0,0.09,0.156,0.754
1,0.114,0.232,0.654
2,0.99,0.0,0.01
3,0.214,0.368,0.418
4,0.074,0.18,0.746
5,0.084,0.356,0.56
6,0.028,0.198,0.774
7,0.432,0.276,0.292
8,0.13,0.046,0.824
9,0.036,0.282,0.682
10,0.05,0.798,0.152
11,0.43,0.108,0.462
12,0.174,0.34,0.486
13,0.276,0.052,0.672
14,0.05,0.102,0.848
15,0.36,0.222,0.418
16,0.364,0.106,0.53
17,0.242,0.366,0.392
18,0.738,0.132,0.13
19,0.146,0.176,0.678
20,0.352,0.334,0.314
21,0.086,0.398,0.516
22,0.058,0.056,0.886
23,0.236,0.098,0.666
24,0.46,0.07,0.47
25,0.128,0.364,0.508
26,0.194,0.232,0.574
27,0.992,0.0,0.008
28,0.72,0.104,0.176
29,0.754,0.056,0.19
30,0.148,0.102,0.75
31,0.03,0.722,0.248
32,0.17,0.062,0.768
33,0.29,0.23,0.48
34,0.162,0.162,0.676
35,0.128,0.054,0.818
36,0.408,0.134,0.458
37,0.844,0.056,0.1
38,0.532,0.324,0.144
39,0.022,0.088,0.89
40,0.522,0.148,0.33
41,0.066,0.16,0.774
42,0.044,0.502,0.454
43,0.054,0.108,0.838
44,0.044,0.112,0.844
45,0.03,0.158,0.812
46,0.06,0.242,0.698
47,0.03,0.098,0.872
48,0.07,0.24,0.69
49,0.304,0.104,0.592
50,0.066,0.326,0.608
51,0.174,0.146,0.68
52,0.544,0.23,0.226
53,0.75,0.056,0.194
54,0.104,0.074,0.822
55,0.01,0.038,0.952
56,0.146,0.088,0.766
57,0.348,0.034,0.618
58,0.582,0.118,0.3
59,0.212,0.176,0.612
60,0.156,0.066,0.778
61,0.214,0.106,0.68
62,0.18,0.232,0.588
63,0.152,0.04,0.808
64,0.048,0.138,0.814
65,0.044,0.14,0.816
66,0.042,0.054,0.904
67,0.418,0.064,0.518
68,0.09,0.354,0.556
69,0.138,0.388,0.474
70,0.436,0.136,0.428
71,0.02,0.476,0.504
72,0.058,0.11,0.832
73,0.614,0.186,0.2
74,0.048,0.662,0.29
75,0.956,0.006,0.038
76,0.158,0.12,0.722
77,0.016,0.132,0.852
78,0.032,0.112,0.856
79,0.806,0.04,0.154
80,0.096,0.114,0.79
81,0.434,0.1,0.466
82,0.748,0.056,0.196
83,0.096,0.414,0.49
84,0.04,0.35,0.61
85,0.38,0.32,0.3
86,0.836,0.038,0.126
87,0.226,0.592,0.182
88,0.198,0.324,0.478
89,0.31,0.496,0.194
90,0.278,0.114,0.608
91,0.14,0.076,0.784
92,0.068,0.296,0.636
93,0.066,0.028,0.906
94,0.096,0.464,0.44
95,0.718,0.096,0.186
96,0.672,0.012,0.316
97,0.1,0.102,0.798
98,0.068,0.224,0.708
99,0.192,0.048,0.76
100,0.028,0.518,0.454
101,0.152,0.32,0.528
102,0.07,0.084,0.846
103,0.064,0.21,0.726
104,0.22,0.136,0.644
105,0.282,0.128,0.59
106,0.182,0.232,0.586
107,0.024,0.376,0.6
108,0.218,0.204,0.578
109,0.074,0.206,0.72
110,0.174,0.09,0.736
111,0.114,0.128,0.758
112,0.068,0.21,0.722
113,0.052,0.39,0.558
114,0.756,0.02,0.224
115,0.28,0.08,0.64
116,0.058,0.406,0.536
117,0.196,0.152,0.652
118,0.184,0.066,0.75
119,0.038,0.408,0.554
120,0.084,0.074,0.842
121,0.018,0.196,0.786
122,0.094,0.316,0.59
123,0.096,0.52,0.384
124,0.046,0.064,0.89
125,0.136,0.102,0.762
126,0.118,0.074,0.808
127,0.192,0.244,0.564
128,0.538,0.232,0.23
129,0.104,0.304,0.592
130,0.754,0.042,0.204
131,0.224,0.18,0.596
132,0.16,0.188,0.652
133,0.974,0.006,0.02
134,0.212,0.044,0.744
135,0.19,0.31,0.5
136,0.01,0.098,0.892
137,0.696,0.052,0.252
138,0.172,0.318,0.51
139,0.068,0.376,0.556
140,0.16,0.182,0.658
141,0.34,0.304,0.356
142,0.054,0.81,0.136
143,0.118,0.206,0.676
144,0.806,0.02,0.174
145,0.09,0.194,0.716
146,0.064,0.182,0.754
147,0.162,0.262,0.576
148,0.264,0.158,0.578
149,0.176,0.116,0.708
150,0.056,0.346,0.598
151,0.138,0.054,0.808
152,0.636,0.17,0.194
153,0.652,0.05,0.298
154,0.04,0.436,0.524
155,0.098,0.13,0.772
156,0.234,0.336,0.43
157,0.194,0.04,0.766
158,0.006,0.182,0.812
159,0.036,0.224,0.74
160,0.074,0.268,0.658
161,0.068,0.262,0.67
162,0.076,0.296,0.628
163,0.18,0.31,0.51
164,0.222,0.198,0.58
165,0.176,0.174,0.65
166,0.172,0.208,0.62
167,0.24,0.37,0.39
168,0.098,0.636,0.266
169,0.22,0.186,0.594
170,0.032,0.228,0.74
171,0.08,0.432,0.488
172,0.034,0.046,0.92
173,0.106,0.104,0.79
174,0.056,0.144,0.8
175,0.054,0.066,0.88
176,0.228,0.128,0.644
177,0.372,0.092,0.536
178,0.204,0.272,0.524
179,0.134,0.17,0.696
180,0.02,0.06,0.92
181,0.056,0.064,0.88
182,0.08,0.122,0.798
183,0.136,0.412,0.452
184,0.394,0.046,0.56
185,0.356,0.092,0.552
186,0.252,0.356,0.392
187,0.266,0.29,0.444
188,0.306,0.26,0.434
189,0.076,0.104,0.82
190,0.088,0.094,0.818
191,0.066,0.078,0.856
192,0.638,0.078,0.284
193,0.054,0.142,0.804
194,0.078,0.346,0.576
195,0.346,0.174,0.48
196,0.408,0.094,0.498
197,0.162,0.624,0.214
198,0.418,0.174,0.408
199,0.01,0.622,0.368
200,0.14,0.088,0.772
201,0.452,0.16,0.388
202,0.016,0.376,0.608
203,0.688,0.072,0.24
204,0.194,0.506,0.3
205,0.264,0.11,0.626
206,0.262,0.356,0.382
207,0.216,0.124,0.66
208,0.172,0.342,0.486
209,0.954,0.006,0.04
210,0.102,0.246,0.652
211,0.232,0.434,0.334
212,0.086,0.518,0.396
213,0.728,0.106,0.166
214,0.14,0.108,0.752
215,0.074,0.208,0.718
216,0.408,0.156,0.436
217,0.214,0.428,0.358
218,0.038,0.4,0.562
219,0.44,0.09,0.47
220,0.024,0.398,0.578
221,0.052,0.796,0.152
222,0.394,0.112,0.494
223,0.282,0.3,0.418
224,0.044,0.202,0.754
225,0.148,0.102,0.75
226,0.108,0.364,0.528
227,0.046,0.192,0.762
228,0.03,0.084,0.886
229,0.116,0.246,0.638
230,0.808,0.032,0.16
231,0.048,0.314,0.638
232,0.048,0.192,0.76
233,0.088,0.074,0.838
234,0.698,0.122,0.18
235,0.04,0.292,0.668
236,0.242,0.356,0.402
237,0.058,0.098,0.844
238,0.106,0.338,0.556
239,0.096,0.088,0.816
240,0.548,0.156,0.296
241,0.02,0.114,0.866
242,0.426,0.216,0.358
243,0.332,0.046,0.622
244,0.15,0.204,0.646
245,0.082,0.256,0.662
246,0.158,0.618,0.224
247,0.558,0.282,0.16
248,0.55,0.07,0.38
249,0.132,0.236,0.632
250,0.478,0.156,0.366
251,0.034,0.404,0.562
252,0.214,0.298,0.488
253,0.162,0.374,0.464
254,0.278,0.106,0.616
255,0.226,0.286,0.488
256,0.112,0.054,0.834
257,0.208,0.61,0.182
258,0.048,0.06,0.892
259,0.1,0.216,0.684
260,0.06,0.098,0.842
261,0.356,0.052,0.592
262,0.152,0.206,0.642
263,0.058,0.188,0.754
264,0.08,0.334,0.586
265,0.094,0.43,0.476
266,0.264,0.212,0.524
267,0.542,0.138,0.32
268,0.058,0.102,0.84
269,0.222,0.12,0.658
270,0.2,0.142,0.658
271,0.078,0.284,0.638
272,0.192,0.168,0.64
273,0.078,0.236,0.686
274,0.054,0.138,0.808
275,0.126,0.024,0.85
276,0.718,0.122,0.16
277,0.048,0.238,0.714
278,0.302,0.236,0.462
279,0.75,0.056,0.194
280,0.492,0.18,0.328
281,0.708,0.118,0.174
282,0.036,0.278,0.686
283,0.216,0.4,0.384
284,0.144,0.052,0.804
285,0.68,0.074,0.246
286,0.036,0.136,0.828
287,0.326,0.12,0.554
288,0.792,0.012,0.196
289,0.032,0.33,0.638
290,0.384,0.042,0.574
291,0.04,0.03,0.93
292,0.07,0.29,0.64
293,0.142,0.118,0.74
294,0.112,0.11,0.778
295,0.058,0.402,0.54
296,0.05,0.832,0.118
297,0.062,0.542,0.396
298,0.108,0.146,0.746
299,0.084,0.392,0.524
300,0.24,0.188,0.572
301,0.058,0.086,0.856
302,0.25,0.46,0.29
303,0.128,0.07,0.802
304,0.242,0.13,0.628
305,0.052,0.03,0.918
306,0.132,0.174,0.694
307,0.256,0.078,0.666
308,0.03,0.3,0.67
309,0.09,0.222,0.688
310,0.302,0.326,0.372
311,0.034,0.094,0.872
312,0.728,0.098,0.174
313,0.058,0.212,0.73
314,0.17,0.538,0.292
315,0.104,0.072,0.824
316,0.178,0.242,0.58
317,0.266,0.112,0.622
318,0.058,0.046,0.896
319,0.16,0.158,0.682
320,0.04,0.316,0.644
321,0.226,0.51,0.264
322,0.052,0.032,0.916
323,0.064,0.286,0.65
324,0.214,0.336,0.45
325,0.698,0.082,0.22
326,0.088,0.174,0.738
327,0.278,0.108,0.614
328,0.136,0.306,0.558
329,0.466,0.164,0.37
330,0.376,0.254,0.37
331,0.034,0.272,0.694
332,0.852,0.048,0.1
333,0.43,0.118,0.452
334,0.078,0.364,0.558
335,0.664,0.136,0.2
336,0.12,0.406,0.474
337,0.054,0.146,0.8
338,0.068,0.052,0.88
339,0.348,0.13,0.522
340,0.172,0.13,0.698
341,0.058,0.232,0.71
342,0.424,0.198,0.378
343,0.078,0.274,0.648
344,0.304,0.256,0.44
345,0.474,0.082,0.444
346,0.184,0.212,0.604
347,0.63,0.114,0.256
348,0.03,0.214,0.756
349,0.044,0.12,0.836
350,0.01,0.922,0.068
351,0.058,0.042,0.9
352,0.168,0.172,0.66
353,0.09,0.316,0.594
354,0.112,0.266,0.622
355,0.098,0.492,0.41
356,0.098,0.14,0.762
357,0.146,0.166,0.688
358,0.024,0.284,0.692
359,0.03,0.636,0.334
360,0.256,0.372,0.372
361,0.24,0.454,0.306
362,0.01,0.074,0.916
363,0.014,0.258,0.728
364,0.198,0.486,0.316
365,0.316,0.09,0.594
366,0.066,0.402,0.532
367,0.022,0.184,0.794
368,0.486,0.104,0.41
369,0.292,0.134,0.574
370,0.518,0.136,0.346
371,0.054,0.118,0.828
372,0.362,0.306,0.332
373,0.008,0.11,0.882
374,0.054,0.806,0.14
375,0.12,0.132,0.748
376,0.134,0.176,0.69
377,0.062,0.112,0.826
378,0.498,0.138,0.364
379,0.358,0.078,0.564
380,0.692,0.06,0.248
381,0.092,0.236,0.672
382,0.042,0.454,0.504
383,0.072,0.218,0.71
384,0.468,0.3,0.232
385,0.046,0.082,0.872
386,0.9,0.032,0.068
387,0.028,0.16,0.812
388,0.062,0.088,0.85
389,0.13,0.114,0.756
390,0.076,0.326,0.598
391,0.276,0.028,0.696
392,0.76,0.056,0.184
393,0.042,0.41,0.548
394,0.05,0.254,0.696
395,0.166,0.644,0.19
396,0.07,0.872,0.058
397,0.098,0.034,0.868
398,0.028,0.432,0.54
399,0.29,0.25,0.46
400,0.094,0.516,0.39
401,0.094,0.052,0.854
402,0.05,0.124,0.826
403,0.68,0.13,0.19
404,0.16,0.326,0.514
405,0.722,0.048,0.23
406,0.562,0.04,0.398
407,0.026,0.158,0.816
408,0.322,0.188,0.49
409,0.362,0.054,0.584
410,0.064,0.108,0.828
411,0.07,0.214,0.716
412,0.684,0.092,0.224
413,0.178,0.116,0.706
414,0.188,0.19,0.622
415,0.816,0.042,0.142
416,0.104,0.074,0.822
417,0.04,0.046,0.914
418,0.182,0.168,0.65
419,0.02,0.364,0.616
420,0.192,0.056,0.752
421,0.598,0.098,0.304
422,0.724,0.012,0.264
423,0.424,0.144,0.432
424,0.052,0.77,0.178
425,0.01,0.032,0.958
426,0.158,0.224,0.618
427,0.06,0.294,0.646
428,0.178,0.566,0.256
429,0.02,0.092,0.888
430,0.198,0.176,0.626
431,0.692,0.068,0.24
432,0.136,0.174,0.69
433,0.106,0.298,0.596
434,0.008,0.162,0.83
435,0.322,0.378,0.3
436,0.242,0.158,0.6
437,0.256,0.162,0.582
438,0.014,0.056,0.93
439,0.102,0.088,0.81
440,0.134,0.238,0.628
441,0.028,0.178,0.794
442,0.028,0.13,0.842
443,0.262,0.228,0.51
444,0.016,0.136,0.848
445,0.132,0.254,0.614
446,0.08,0.406,0.514
447,0.414,0.162,0.424
448,0.048,0.072,0.88
449,0.158,0.188,0.654
450,0.256,0.14,0.604
451,0.064,0.608,0.328
452,0.01,0.292,0.698
453,0.196,0.494,0.31
454,0.222,0.364,0.414
455,0.414,0.102,0.484
456,0.108,0.228,0.664
457,0.45,0.12,0.43
458,0.104,0.292,0.604
459,0.416,0.126,0.458
460,0.286,0.298,0.416
461,0.112,0.388,0.5
462,0.402,0.224,0.374
463,0.166,0.398,0.436
464,0.116,0.034,0.85
465,0.116,0.052,0.832
466,0.052,0.318,0.63
467,0.246,0.104,0.65
468,0.114,0.482,0.404
469,0.43,0.172,0.398
470,0.99,0.002,0.008
471,0.656,0.274,0.07
472,0.048,0.12,0.832
473,0.816,0.05,0.134
474,0.432,0.262,0.306
475,0.144,0.268,0.588
476,0.466,0.048,0.486
477,0.27,0.15,0.58
478,0.284,0.54,0.176
479,0.338,0.152,0.51
480,0.038,0.184,0.778
481,0.202,0.418,0.38
482,0.28,0.512,0.208
483,0.108,0.062,0.83
484,0.132,0.106,0.762
485,0.55,0.126,0.324
486,0.034,0.152,0.814
487,0.172,0.192,0.636
488,0.136,0.308,0.556
489,0.262,0.038,0.7
490,0.016,0.288,0.696
491,0.068,0.124,0.808
492,0.052,0.298,0.65
493,0.078,0.078,0.844
494,0.032,0.658,0.31
495,0.136,0.62,0.244
496,0.216,0.072,0.712
497,0.976,0.006,0.018
498,0.402,0.168,0.43
499,0.192,0.238,0.57
500,0.026,0.33,0.644
501,0.102,0.146,0.752
502,0.484,0.366,0.15
503,0.182,0.248,0.57
504,0.06,0.11,0.83
505,1.0,0.0,0.0
506,0.016,0.068,0.916
507,0.096,0.348,0.556
508,0.146,0.142,0.712
509,0.944,0.014,0.042
510,0.06,0.538,0.402
511,0.146,0.714,0.14
512,0.068,0.338,0.594
513,0.2,0.198,0.602
514,0.422,0.328,0.25
515,0.116,0.648,0.236
516,0.784,0.042,0.174
517,0.026,0.274,0.7
518,0.168,0.6,0.232
519,0.166,0.066,0.768
520,0.294,0.096,0.61
521,0.2,0.11,0.69
522,0.634,0.044,0.322
523,0.794,0.042,0.164
524,0.276,0.152,0.572
525,0.014,0.056,0.93
526,0.154,0.4,0.446
527,0.042,0.116,0.842
528,0.172,0.058,0.77
529,0.26,0.294,0.446
530,0.24,0.42,0.34
531,0.05,0.286,0.664
532,0.058,0.354,0.588
533,0.306,0.194,0.5
534,0.096,0.05,0.854
535,0.304,0.056,0.64
536,0.088,0.112,0.8
537,0.024,0.39,0.586
538,0.69,0.016,0.294
539,0.288,0.068,0.644
540,0.164,0.352,0.484
541,0.058,0.504,0.438
542,0.568,0.148,0.284
543,0.092,0.124,0.784
544,0.186,0.192,0.622
545,0.622,0.14,0.238
546,0.57,0.224,0.206
547,0.284,0.35,0.366
548,0.098,0.396,0.506
549,0.04,0.042,0.918
550,0.136,0.14,0.724
551,0.038,0.196,0.766
552,0.138,0.418,0.444
553,0.186,0.17,0.644
554,0.092,0.468,0.44
555,0.006,0.342,0.652
556,0.85,0.042,0.108
557,0.79,0.034,0.176
558,0.68,0.094,0.226
559,0.022,0.224,0.754
560,0.348,0.124,0.528
561,0.044,0.084,0.872
562,0.532,0.162,0.306
563,0.136,0.198,0.666
564,0.28,0.11,0.61
565,0.984,0.0,0.016
566,0.144,0.118,0.738
567,0.396,0.034,0.57
568,0.046,0.38,0.574
569,0.02,0.142,0.838
570,0.208,0.17,0.622
571,0.044,0.27,0.686
572,0.14,0.51,0.35
573,0.092,0.302,0.606
574,0.37,0.31,0.32
575,0.346,0.148,0.506
576,0.142,0.118,0.74
577,0.338,0.072,0.59
578,0.494,0.256,0.25
579,0.008,0.912,0.08
580,0.122,0.114,0.764
581,0.048,0.19,0.762
582,0.788,0.052,0.16
583,0.692,0.064,0.244
584,0.112,0.438,0.45
585,0.048,0.294,0.658
586,0.182,0.29,0.528
587,0.104,0.466,0.43
588,0.192,0.19,0.618
589,0.154,0.452,0.394
590,0.106,0.272,0.622
591,0.064,0.414,0.522
592,0.498,0.102,0.4
593,0.144,0.22,0.636
594,0.18,0.464,0.356
595,0.42,0.09,0.49
596,0.178,0.398,0.424
597,0.356,0.408,0.236
598,0.086,0.14,0.774
599,0.268,0.2,0.532
600,0.364,0.14,0.496
601,0.068,0.384,0.548
602,0.444,0.012,0.544
603,0.148,0.496,0.356
604,0.074,0.256,0.67
605,0.132,0.144,0.724
606,0.044,0.076,0.88
607,0.12,0.164,0.716
608,0.094,0.312,0.594
609,0.134,0.442,0.424
610,0.576,0.14,0.284
611,0.19,0.436,0.374
612,0.044,0.382,0.574
613,0.074,0.388,0.538
614,0.122,0.626,0.252
615,0.148,0.146,0.706
616,0.05,0.088,0.862
617,0.184,0.142,0.674
618,0.078,0.73,0.192
619,0.116,0.334,0.55
620,0.032,0.836,0.132
621,0.042,0.168,0.79
622,0.516,0.198,0.286
623,0.708,0.048,0.244
624,0.244,0.124,0.632
625,0.254,0.168,0.578
626,0.31,0.072,0.618
627,0.044,0.274,0.682
628,0.078,0.328,0.594
629,0.256,0.218,0.526
630,0.416,0.158,0.426
631,0.626,0.14,0.234
632,0.046,0.174,0.78
633,0.408,0.2,0.392
634,0.112,0.42,0.468
635,0.572,0.01,0.418
636,0.22,0.098,0.682
637,0.082,0.116,0.802
638,0.402,0.274,0.324
639,0.092,0.396,0.512
640,0.798,0.052,0.15
641,0.056,0.394,0.55
642,0.252,0.272,0.476
643,0.134,0.304,0.562
644,0.984,0.0,0.016
645,0.196,0.252,0.552
646,0.066,0.026,0.908
647,0.142,0.106,0.752
648,0.158,0.022,0.82
649,0.306,0.056,0.638
650,0.128,0.24,0.632
651,0.094,0.028,0.878
652,0.13,0.142,0.728
653,0.012,0.098,0.89
654,0.076,0.44,0.484
655,0.214,0.144,0.642
656,0.46,0.112,0.428
657,0.078,0.07,0.852
658,0.15,0.184,0.666
659,0.266,0.37,0.364
660,0.072,0.476,0.452
661,0.624,0.104,0.272
662,0.11,0.176,0.714
663,0.086,0.074,0.84
664,0.192,0.262,0.546
665,0.054,0.1,0.846
666,0.094,0.408,0.498
667,0.114,0.568,0.318
668,0.102,0.1,0.798
669,0.204,0.166,0.63
670,0.222,0.556,0.222
671,0.222,0.166,0.612
672,0.112,0.03,0.858
673,0.152,0.078,0.77
674,0.12,0.196,0.684
675,0.028,0.134,0.838
676,0.076,0.426,0.498
677,0.102,0.22,0.678
678,0.06,0.364,0.576
679,0.006,0.456,0.538
680,0.484,0.114,0.402
681,0.038,0.042,0.92
682,0.062,0.286,0.652
683,0.994,0.0,0.006
684,0.166,0.1,0.734
685,0.16,0.07,0.77
686,0.218,0.118,0.664
687,0.334,0.294,0.372
688,0.874,0.038,0.088
689,0.2,0.174,0.626
690,0.048,0.156,0.796
691,0.044,0.276,0.68
692,0.01,0.278,0.712
693,0.124,0.098,0.778
694,0.18,0.338,0.482
695,0.438,0.102,0.46
696,0.094,0.184,0.722
697,0.234,0.354,0.412
698,0.144,0.166,0.69
699,0.048,0.384,0.568
700,0.09,0.09,0.82
701,0.276,0.582,0.142
702,0.374,0.168,0.458
703,0.288,0.148,0.564
704,0.698,0.158,0.144
705,0.552,0.318,0.13
706,0.12,0.038,0.842
707,0.408,0.188,0.404
708,0.278,0.508,0.214
709,0.324,0.116,0.56
710,0.03,0.122,0.848
711,0.774,0.01,0.216
712,0.25,0.22,0.53
713,0.288,0.512,0.2
714,0.07,0.092,0.838
715,0.132,0.048,0.82
716,0.318,0.128,0.554
717,0.066,0.226,0.708
718,0.074,0.1,0.826
719,0.286,0.13,0.584
720,0.632,0.094,0.274
721,0.09,0.418,0.492
722,0.06,0.128,0.812
723,0.95,0.01,0.04
724,0.182,0.348,0.47
725,0.176,0.08,0.744
726,0.464,0.128,0.408
727,0.566,0.07,0.364
728,0.24,0.096,0.664
729,0.174,0.07,0.756
730,0.356,0.108,0.536
731,0.186,0.118,0.696
732,0.092,0.22,0.688
733,0.432,0.088,0.48
734,0.132,0.188,0.68
735,0.078,0.222,0.7
736,0.522,0.098,0.38
737,0.758,0.06,0.182
738,0.062,0.424,0.514
739,0.258,0.346,0.396
740,0.104,0.42,0.476
741,0.76,0.102,0.138
742,0.06,0.372,0.568
743,0.98,0.0,0.02
744,0.204,0.258,0.538
745,0.112,0.072,0.816
746,0.294,0.318,0.388
747,0.25,0.334,0.416
748,0.194,0.424,0.382
749,0.026,0.306,0.668
750,0.08,0.048,0.872
751,0.072,0.192,0.736
752,0.062,0.16,0.778
753,0.034,0.218,0.748
754,0.122,0.376,0.502
755,0.426,0.294,0.28
756,0.168,0.402,0.43
757,0.086,0.082,0.832
758,0.164,0.18,0.656
759,0.66,0.15,0.19
760,0.074,0.076,0.85
761,0.378,0.042,0.58
762,0.038,0.422,0.54
763,0.036,0.81,0.154
764,0.152,0.136,0.712
765,0.034,0.044,0.922
766,0.224,0.21,0.566
767,0.036,0.538,0.426
768,0.132,0.334,0.534
769,0.072,0.162,0.766
770,0.276,0.124,0.6
771,0.004,0.442,0.554
772,0.988,0.002,0.01
773,0.482,0.17,0.348
774,0.274,0.434,0.292
775,0.266,0.174,0.56
776,0.414,0.372,0.214
777,0.044,0.242,0.714
778,0.17,0.108,0.722
779,0.008,0.188,0.804
780,0.07,0.37,0.56
781,0.108,0.36,0.532
782,0.224,0.322,0.454
783,0.078,0.356,0.566
784,0.222,0.216,0.562
785,0.404,0.246,0.35
786,0.796,0.062,0.142
787,0.092,0.07,0.838
788,0.044,0.172,0.784
789,0.064,0.166,0.77
790,0.238,0.308,0.454
791,0.084,0.578,0.338
792,0.124,0.326,0.55
793,0.05,0.462,0.488
794,0.202,0.082,0.716
795,0.098,0.492,0.41
796,0.156,0.274,0.57
797,0.7,0.154,0.146
798,0.054,0.198,0.748
799,0.864,0.042,0.094
800,0.066,0.652,0.282
801,0.002,0.162,0.836
802,0.306,0.174,0.52
803,0.13,0.086,0.784
804,0.672,0.04,0.288
805,0.43,0.232,0.338
806,0.078,0.32,0.602
807,0.52,0.22,0.26
808,0.062,0.408,0.53
809,0.352,0.23,0.418
810,0.044,0.168,0.788
811,0.094,0.414,0.492
812,0.242,0.06,0.698
813,0.032,0.06,0.908
814,0.096,0.172,0.732
815,0.082,0.55,0.368
816,0.13,0.148,0.722
817,0.26,0.138,0.602
818,0.094,0.1,0.806
819,0.056,0.19,0.754
820,0.18,0.374,0.446
821,0.104,0.024,0.872
822,0.382,0.078,0.54
823,0.388,0.1,0.512
824,0.706,0.052,0.242
825,0.498,0.126,0.376
826,0.35,0.366,0.284
827,0.3,0.102,0.598
828,0.452,0.026,0.522
829,0.062,0.28,0.658
830,0.414,0.066,0.52
831,0.48,0.014,0.506
832,0.036,0.218,0.746
833,0.184,0.266,0.55
834,0.09,0.294,0.616
835,0.76,0.034,0.206
836,0.456,0.314,0.23
837,0.04,0.204,0.756
838,0.092,0.42,0.488
839,0.524,0.186,0.29
840,0.374,0.188,0.438
841,0.422,0.034,0.544
842,0.792,0.07,0.138
843,0.62,0.128,0.252
844,0.152,0.314,0.534
845,0.92,0.022,0.058
846,0.37,0.164,0.466
847,0.322,0.126,0.552
848,0.182,0.076,0.742
849,0.958,0.006,0.036
850,0.024,0.08,0.896
851,0.198,0.526,0.276
852,0.196,0.066,0.738
853,0.064,0.2,0.736
854,0.222,0.188,0.59
855,0.206,0.206,0.588
856,0.252,0.1,0.648
857,0.174,0.484,0.342
858,0.268,0.188,0.544
859,0.06,0.094,0.846
860,0.024,0.248,0.728
861,0.102,0.336,0.562
862,0.026,0.508,0.466
863,0.294,0.3,0.406
864,0.11,0.108,0.782
865,0.286,0.24,0.474
866,0.054,0.2,0.746
867,0.204,0.128,0.668
868,0.538,0.144,0.318
869,0.348,0.106,0.546
870,0.204,0.066,0.73
871,0.168,0.104,0.728
872,0.086,0.066,0.848
873,0.37,0.096,0.534
874,0.096,0.376,0.528
875,0.022,0.124,0.854
876,0.19,0.544,0.266
877,0.468,0.138,0.394
878,0.93,0.012,0.058
879,0.01,0.074,0.916
880,0.104,0.116,0.78
881,0.1,0.16,0.74
882,0.186,0.238,0.576
883,0.038,0.432,0.53
884,0.03,0.322,0.648
885,0.208,0.242,0.55
886,0.204,0.328,0.468
887,0.138,0.172,0.69
888,0.096,0.172,0.732
889,0.158,0.136,0.706
890,0.012,0.276,0.712
891,0.194,0.27,0.536
892,0.048,0.49,0.462
893,0.156,0.522,0.322
894,0.252,0.312,0.436
895,0.068,0.196,0.736
896,0.03,0.602,0.368
897,0.076,0.334,0.59
898,0.492,0.07,0.438
899,0.346,0.124,0.53
900,0.174,0.454,0.372
901,0.06,0.394,0.546
902,0.318,0.23,0.452
903,0.104,0.256,0.64
904,0.812,0.036,0.152
905,0.172,0.296,0.532
906,0.112,0.488,0.4
907,0.368,0.178,0.454
908,0.116,0.476,0.408
909,0.21,0.21,0.58
910,0.956,0.006,0.038
911,0.19,0.362,0.448
912,0.784,0.076,0.14
913,0.106,0.456,0.438
914,0.096,0.32,0.584
915,0.114,0.382,0.504
916,0.648,0.03,0.322
917,0.358,0.192,0.45
918,0.026,0.47,0.504
919,0.086,0.216,0.698
920,0.154,0.032,0.814
921,0.196,0.256,0.548
922,0.152,0.302,0.546
923,0.262,0.314,0.424
924,0.092,0.158,0.75
925,0.066,0.158,0.776
926,0.012,0.336,0.652
927,0.478,0.274,0.248
928,0.206,0.384,0.41
929,0.274,0.124,0.602
930,0.316,0.04,0.644
931,0.32,0.132,0.548
932,0.066,0.124,0.81
933,0.066,0.098,0.836
934,0.328,0.208,0.464
935,0.864,0.026,0.11
936,0.038,0.12,0.842
937,0.056,0.076,0.868
938,0.042,0.09,0.868
939,0.988,0.0,0.012
940,0.414,0.144,0.442
941,0.574,0.164,0.262
942,0.102,0.192,0.706
943,0.21,0.272,0.518
944,0.776,0.042,0.182
945,0.78,0.072,0.148
946,0.49,0.208,0.302
947,0.01,0.064,0.926
948,0.64,0.274,0.086
949,0.19,0.132,0.678
950,0.056,0.188,0.756
951,0.404,0.154,0.442
952,0.026,0.044,0.93
953,0.052,0.162,0.786
954,0.474,0.018,0.508
955,0.144,0.252,0.604
956,0.19,0.638,0.172
957,0.542,0.148,0.31
958,0.806,0.006,0.188
959,0.276,0.344,0.38
960,0.118,0.356,0.526
961,0.52,0.046,0.434
962,0.312,0.09,0.598
963,0.952,0.006,0.042
964,0.71,0.116,0.174
965,0.616,0.054,0.33
966,0.992,0.0,0.008
967,0.16,0.382,0.458
968,0.004,0.08,0.916
969,0.206,0.394,0.4
970,0.158,0.162,0.68
971,0.13,0.116,0.754
972,0.292,0.17,0.538
973,0.06,0.202,0.738
974,0.068,0.11,0.822
975,0.058,0.732,0.21
976,0.406,0.23,0.364
977,0.43,0.148,0.422
978,0.018,0.02,0.962
979,0.138,0.272,0.59
980,0.408,0.12,0.472
981,0.11,0.304,0.586
982,0.29,0.326,0.384
983,0.384,0.118,0.498
984,0.65,0.098,0.252
985,0.112,0.168,0.72
986,0.048,0.162,0.79
987,0.338,0.198,0.464
988,0.096,0.702,0.202
989,0.89,0.026,0.084
990,0.076,0.366,0.558
991,0.1,0.114,0.786
992,0.236,0.094,0.67
993,0.156,0.068,0.776
994,0.636,0.162,0.202
995,0.262,0.152,0.586
996,0.382,0.194,0.424
997,0.1,0.322,0.578
998,0.028,0.194,0.778
999,0.18,0.118,0.702
1000,0.53,0.06,0.41
1001,0.074,0.1,0.826
1002,0.368,0.258,0.374
1003,0.106,0.12,0.774
1004,0.178,0.302,0.52
1005,0.16,0.144,0.696
1006,0.682,0.108,0.21
1007,0.06,0.138,0.802
1008,0.044,0.438,0.518
1009,0.866,0.038,0.096
1010,0.166,0.638,0.196
1011,0.374,0.004,0.622
1012,0.076,0.05,0.874
1013,0.134,0.12,0.746
1014,0.022,0.058,0.92
1015,0.852,0.008,0.14
1016,0.084,0.09,0.826
1017,0.028,0.078,0.894
1018,0.106,0.07,0.824
1019,0.236,0.076,0.688
1020,0.256,0.448,0.296
1021,0.098,0.326,0.576
1022,0.292,0.088,0.62
1023,0.114,0.356,0.53
1024,0.144,0.464,0.392
1025,0.052,0.328,0.62
1026,0.084,0.21,0.706
1027,0.054,0.058,0.888
1028,0.278,0.068,0.654
1029,0.252,0.226,0.522
1030,0.664,0.108,0.228
1031,0.164,0.33,0.506
1032,0.096,0.106,0.798
1033,0.252,0.046,0.702
1034,0.036,0.042,0.922
1035,0.114,0.33,0.556
1036,0.072,0.232,0.696
1037,0.092,0.552,0.356
1038,0.076,0.182,0.742
1039,0.432,0.198,0.37
1040,0.53,0.082,0.388
1041,0.084,0.108,0.808
1042,0.21,0.126,0.664
1043,0.93,0.024,0.046
1044,0.27,0.08,0.65
1045,0.348,0.268,0.384
1046,0.024,0.342,0.634
1047,0.038,0.096,0.866
1048,0.18,0.282,0.538
1049,0.302,0.22,0.478
1050,0.09,0.248,0.662
1051,0.072,0.294,0.634
1052,0.232,0.468,0.3
1053,0.432,0.238,0.33
1054,0.066,0.17,0.764
1055,0.16,0.172,0.668
1056,0.136,0.422,0.442
1057,0.028,0.186,0.786
1058,0.42,0.108,0.472
1059,0.326,0.192,0.482
1060,0.838,0.042,0.12
1061,0.072,0.066,0.862
1062,0.986,0.0,0.014
1063,0.618,0.128,0.254
1064,0.098,0.254,0.648
1065,0.426,0.104,0.47
1066,0.026,0.072,0.902
1067,0.366,0.282,0.352
1068,0.042,0.202,0.756
1069,0.184,0.516,0.3
1070,0.246,0.348,0.406
1071,0.544,0.104,0.352
1072,0.452,0.244,0.304
1073,0.764,0.126,0.11
1074,0.16,0.258,0.582
1075,0.102,0.332,0.566
1076,0.066,0.356,0.578
1077,0.856,0.056,0.088
1078,0.006,0.308,0.686
1079,0.048,0.066,0.886
1080,0.036,0.042,0.922
1081,0.852,0.054,0.094
1082,0.04,0.122,0.838
1083,0.112,0.12,0.768
1084,0.032,0.176,0.792
1085,0.106,0.304,0.59
1086,0.166,0.132,0.702
1087,0.12,0.064,0.816
1088,0.536,0.01,0.454
1089,0.306,0.022,0.672
1090,0.188,0.056,0.756
1091,0.164,0.32,0.516
1092,0.246,0.21,0.544
1093,0.374,0.106,0.52
1094,0.172,0.018,0.81
1095,0.168,0.11,0.722
1096,0.05,0.12,0.83
1097,0.298,0.112,0.59
1098,0.094,0.066,0.84
1099,0.14,0.312,0.548
1100,0.4,0.19,0.41
1101,0.396,0.176,0.428
1102,0.168,0.214,0.618
1103,0.088,0.218,0.694
1104,0.138,0.13,0.732
1105,0.368,0.084,0.548
1106,0.026,0.04,0.934
1107,0.052,0.076,0.872
1108,0.126,0.402,0.472
1109,0.358,0.052,0.59
1110,0.166,0.178,0.656
1111,0.85,0.042,0.108
1112,0.498,0.05,0.452
1113,0.148,0.438,0.414
1114,0.9,0.028,0.072
1115,0.306,0.194,0.5
1116,0.022,0.636,0.342
1117,0.358,0.158,0.484
1118,0.21,0.304,0.486
1119,0.534,0.1,0.366
1120,0.104,0.374,0.522
1121,0.26,0.5,0.24
1122,0.082,0.086,0.832
1123,0.204,0.282,0.514
1124,0.038,0.09,0.872
1125,0.006,0.196,0.798
1126,0.038,0.348,0.614
1127,0.246,0.076,0.678
1128,0.018,0.28,0.702
1129,0.096,0.298,0.606
1130,0.05,0.36,0.59
1131,0.076,0.524,0.4
1132,0.172,0.23,0.598
1133,0.474,0.048,0.478
1134,0.204,0.226,0.57
1135,0.38,0.034,0.586
1136,0.518,0.296,0.186
1137,0.852,0.014,0.134
1138,0.004,0.152,0.844
1139,0.14,0.13,0.73
1140,0.106,0.176,0.718
1141,0.14,0.186,0.674
1142,0.12,0.132,0.748
1143,0.198,0.282,0.52
1144,0.318,0.108,0.574
1145,0.17,0.514,0.316
1146,0.3,0.284,0.416
1147,0.266,0.058,0.676
1148,0.4,0.132,0.468
1149,0.072,0.352,0.576
1150,0.05,0.084,0.866
1151,0.16,0.388,0.452
1152,0.968,0.004,0.028
1153,0.226,0.13,0.644
1154,0.046,0.626,0.328
1155,0.14,0.292,0.568
1156,0.238,0.362,0.4
1157,0.36,0.306,0.334
1158,0.222,0.444,0.334
1159,0.234,0.036,0.73
1160,0.034,0.162,0.804
1161,0.132,0.072,0.796
1162,0.1,0.296,0.604
1163,0.356,0.24,0.404
1164,0.034,0.374,0.592
1165,0.032,0.2,0.768
1166,0.952,0.008,0.04
1167,0.534,0.124,0.342
1168,0.952,0.012,0.036
1169,0.394,0.254,0.352
1170,0.344,0.088,0.568
1171,0.178,0.156,0.666
1172,0.066,0.284,0.65
1173,0.172,0.13,0.698
1174,0.038,0.438,0.524
1175,0.24,0.382,0.378
1176,0.59,0.206,0.204
1177,0.27,0.208,0.522
1178,0.36,0.406,0.234
1179,0.166,0.48,0.354
1180,0.446,0.292,0.262
1181,0.274,0.13,0.596
1182,0.616,0.21,0.174
1183,0.018,0.322,0.66
1184,0.026,0.134,0.84
1185,0.242,0.388,0.37
1186,0.296,0.162,0.542
1187,0.798,0.08,0.122
1188,0.32,0.156,0.524
1189,0.03,0.104,0.866
1190,0.128,0.216,0.656
1191,0.364,0.218,0.418
1192,0.056,0.034,0.91
1193,0.008,0.022,0.97
1194,0.33,0.088,0.582
1195,0.172,0.358,0.47
1196,0.162,0.138,0.7
1197,0.042,0.102,0.856
1198,0.062,0.208,0.73
1199,0.112,0.422,0.466
1200,0.254,0.274,0.472
1201,0.094,0.266,0.64
1202,0.324,0.154,0.522
1203,0.076,0.192,0.732
1204,0.086,0.266,0.648
1205,0.98,0.008,0.012
1206,0.068,0.132,0.8
1207,0.004,0.216,0.78
1208,0.442,0.16,0.398
1209,0.738,0.02,0.242
1210,0.352,0.106,0.542
1211,0.202,0.156,0.642
1212,0.418,0.108,0.474
1213,0.636,0.116,0.248
1214,0.012,0.144,0.844
1215,0.022,0.838,0.14
1216,0.128,0.066,0.806
1217,0.234,0.132,0.634
1218,0.202,0.16,0.638
1219,0.054,0.05,0.896
1220,0.034,0.232,0.734
1221,0.062,0.15,0.788
1222,0.974,0.006,0.02
1223,0.162,0.07,0.768
1224,0.764,0.06,0.176
1225,0.228,0.158,0.614
1226,0.09,0.1,0.81
1227,0.242,0.348,0.41
1228,0.224,0.384,0.392
1229,0.132,0.46,0.408
1230,0.076,0.202,0.722
1231,0.142,0.32,0.538
1232,0.09,0.43,0.48
1233,0.13,0.218,0.652
1234,0.174,0.332,0.494
1235,0.2,0.334,0.466
1236,0.284,0.36,0.356
1237,0.216,0.498,0.286
1238,0.03,0.228,0.742
1239,0.328,0.174,0.498
1240,0.202,0.266,0.532
1241,0.09,0.078,0.832
1242,0.352,0.174,0.474
1243,0.062,0.052,0.886
1244,0.324,0.146,0.53
1245,0.026,0.122,0.852
1246,0.04,0.156,0.804
1247,0.034,0.61,0.356
1248,0.098,0.556,0.346
1249,0.108,0.36,0.532
1250,0.172,0.628,0.2
1251,0.446,0.202,0.352
1252,0.232,0.124,0.644
1253,0.176,0.114,0.71
1254,0.114,0.348,0.538
1255,0.582,0.206,0.212
1256,0.978,0.004,0.018
1257,0.572,0.19,0.238
1258,0.024,0.178,0.798
1259,0.206,0.54,0.254
1260,0.258,0.04,0.702
1261,0.038,0.25,0.712
1262,0.174,0.104,0.722
1263,0.038,0.316,0.646
1264,0.096,0.28,0.624
1265,0.04,0.43,0.53
1266,0.098,0.03,0.872
1267,0.032,0.402,0.566
1268,0.062,0.144,0.794
1269,0.062,0.24,0.698
1270,0.168,0.34,0.492
1271,0.226,0.2,0.574
1272,0.91,0.012,0.078
1273,0.142,0.212,0.646
1274,0.064,0.106,0.83
1275,0.278,0.126,0.596
1276,0.112,0.118,0.77
1277,0.028,0.158,0.814
1278,0.038,0.268,0.694
1279,0.276,0.196,0.528
1280,0.992,0.002,0.006
1281,0.124,0.21,0.666
1282,0.226,0.378,0.396
1283,0.142,0.728,0.13
1284,0.128,0.052,0.82
1285,0.46,0.35,0.19
1286,0.94,0.008,0.052
1287,0.102,0.04,0.858
1288,0.082,0.158,0.76
1289,0.436,0.064,0.5
1290,0.414,0.384,0.202
1291,0.236,0.05,0.714
1292,0.072,0.148,0.78
1293,0.214,0.2,0.586
1294,0.786,0.044,0.17
1295,0.638,0.09,0.272
1296,0.018,0.8,0.182
1297,0.226,0.162,0.612
1298,0.616,0.136,0.248
1299,0.128,0.498,0.374
1300,0.178,0.174,0.648
1301,0.056,0.214,0.73
1302,0.014,0.084,0.902
1303,0.04,0.306,0.654
1304,0.694,0.052,0.254
1305,0.1,0.26,0.64
1306,0.408,0.026,0.566
1307,0.246,0.204,0.55
1308,0.06,0.104,0.836
1309,0.296,0.122,0.582
1310,0.102,0.204,0.694
1311,0.12,0.132,0.748
1312,0.11,0.272,0.618
1313,0.056,0.294,0.65
1314,0.294,0.19,0.516
1315,0.086,0.472,0.442
1316,0.974,0.006,0.02
1317,0.326,0.098,0.576
1318,0.164,0.332,0.504
1319,0.064,0.022,0.914
1320,0.312,0.128,0.56
1321,0.112,0.128,0.76
1322,0.176,0.518,0.306
1323,0.058,0.322,0.62
1324,0.314,0.026,0.66
1325,0.194,0.168,0.638
1326,0.13,0.408,0.462
1327,0.152,0.058,0.79
1328,0.088,0.142,0.77
1329,0.122,0.254,0.624
1330,0.306,0.198,0.496
1331,0.164,0.128,0.708
1332,0.28,0.016,0.704
1333,0.356,0.05,0.594
1334,0.078,0.514,0.408
1335,0.498,0.176,0.326
1336,0.222,0.208,0.57
1337,0.348,0.226,0.426
1338,0.158,0.09,0.752
1339,0.042,0.204,0.754
1340,0.016,0.236,0.748
1341,0.198,0.13,0.672
1342,0.026,0.486,0.488
1343,0.238,0.474,0.288
1344,0.05,0.416,0.534
1345,0.074,0.216,0.71
1346,0.456,0.314,0.23
1347,0.072,0.136,0.792
1348,0.142,0.08,0.778
1349,0.132,0.064,0.804
1350,0.728,0.114,0.158
1351,0.106,0.2,0.694
1352,0.148,0.186,0.666
1353,0.546,0.072,0.382
1354,0.302,0.11,0.588
1355,0.04,0.132,0.828
1356,0.06,0.332,0.608
1357,0.032,0.042,0.926
1358,0.302,0.096,0.602
1359,0.024,0.288,0.688
1360,0.27,0.07,0.66
1361,0.48,0.082,0.438
1362,0.592,0.07,0.338
1363,0.378,0.056,0.566
1364,0.068,0.16,0.772
1365,0.108,0.5,0.392
1366,0.228,0.524,0.248
1367,0.744,0.076,0.18
1368,0.072,0.284,0.644
1369,0.392,0.148,0.46
1370,0.068,0.658,0.274
1371,0.568,0.076,0.356
1372,0.06,0.278,0.662
1373,0.08,0.122,0.798
1374,0.032,0.232,0.736
1375,0.764,0.038,0.198
1376,0.032,0.43,0.538
1377,0.05,0.294,0.656
1378,0.438,0.034,0.528
1379,0.492,0.122,0.386
1380,0.212,0.418,0.37
1381,0.066,0.13,0.804
1382,0.094,0.144,0.762
1383,0.308,0.434,0.258
1384,0.382,0.18,0.438
1385,0.094,0.248,0.658
1386,0.37,0.384,0.246
1387,0.116,0.19,0.694
1388,0.218,0.15,0.632
1389,0.114,0.136,0.75
1390,0.18,0.064,0.756
1391,0.186,0.088,0.726
1392,0.756,0.066,0.178
1393,0.122,0.356,0.522
1394,0.03,0.292,0.678
1395,0.12,0.108,0.772
1396,0.396,0.09,0.514
1397,0.54,0.14,0.32
1398,0.226,0.056,0.718
1399,0.02,0.468,0.512
1400,0.038,0.108,0.854
1401,0.256,0.07,0.674
1402,0.026,0.014,0.96
1403,0.196,0.108,0.696
1404,0.056,0.264,0.68
1405,0.068,0.132,0.8
1406,0.046,0.458,0.496
1407,0.022,0.104,0.874
1408,0.084,0.374,0.542
1409,0.4,0.048,0.552
1410,0.472,0.17,0.358
1411,0.022,0.076,0.902
1412,0.23,0.024,0.746
1413,0.024,0.136,0.84
1414,0.008,0.2,0.792
1415,0.068,0.692,0.24
1416,0.6,0.112,0.288
1417,0.206,0.488,0.306
1418,0.1,0.076,0.824
1419,0.032,0.144,0.824
1420,0.688,0.122,0.19
1421,0.186,0.05,0.764
1422,0.116,0.2,0.684
1423,0.01,0.534,0.456
1424,0.18,0.056,0.764
1425,0.06,0.106,0.834
1426,0.14,0.272,0.588
1427,0.316,0.164,0.52
1428,0.226,0.218,0.556
1429,0.252,0.334,0.414
1430,0.078,0.348,0.574
1431,0.124,0.232,0.644
1432,0.18,0.47,0.35
1433,0.038,0.13,0.832
1434,0.542,0.158,0.3
1435,0.272,0.146,0.582
1436,0.978,0.008,0.014
1437,0.116,0.166,0.718
1438,0.114,0.252,0.634
1439,0.28,0.272,0.448
1440,0.19,0.198,0.612
1441,0.018,0.252,0.73
1442,0.172,0.118,0.71
1443,0.078,0.246,0.676
1444,0.466,0.114,0.42
1445,0.376,0.142,0.482
1446,0.106,0.13,0.764
1447,0.084,0.066,0.85
1448,0.212,0.192,0.596
1449,0.064,0.086,0.85
1450,0.244,0.16,0.596
1451,0.168,0.176,0.656
1452,0.254,0.388,0.358
1453,0.046,0.394,0.56
1454,0.216,0.202,0.582
1455,0.26,0.088,0.652
1456,0.072,0.236,0.692
1457,0.126,0.16,0.714
1458,0.18,0.336,0.484
1459,0.09,0.176,0.734
1460,0.824,0.03,0.146
1461,0.024,0.09,0.886
1462,0.136,0.11,0.754
1463,0.036,0.368,0.596
1464,0.016,0.092,0.892
1465,0.096,0.174,0.73
1466,0.08,0.186,0.734
1467,0.298,0.226,0.476
1468,0.518,0.056,0.426
1469,0.01,0.932,0.058
1470,0.264,0.15,0.586
1471,0.37,0.106,0.524
1472,0.922,0.012,0.066
1473,0.378,0.168,0.454
1474,0.092,0.066,0.842
1475,0.03,0.11,0.86
1476,0.078,0.282,0.64
1477,0.178,0.378,0.444
1478,0.15,0.064,0.786
1479,0.304,0.164,0.532
1480,0.068,0.086,0.846
1481,0.114,0.1,0.786
1482,0.196,0.478,0.326
1483,0.344,0.128,0.528
1484,0.07,0.252,0.678
1485,0.314,0.4,0.286
1486,0.606,0.162,0.232
1487,0.042,0.242,0.716
1488,0.15,0.106,0.744
1489,0.138,0.074,0.788
1490,0.206,0.336,0.458
1491,0.16,0.162,0.678
1492,0.836,0.022,0.142
1493,0.208,0.532,0.26
1494,0.046,0.06,0.894
1495,0.062,0.322,0.616
1496,0.158,0.06,0.782
1497,0.078,0.064,0.858
1498,0.01,0.054,0.936
1499,0.97,0.006,0.024
1500,0.108,0.338,0.554
1501,0.17,0.176,0.654
1502,0.438,0.076,0.486
1503,0.004,0.27,0.726
1504,0.92,0.036,0.044
1505,0.05,0.216,0.734
1506,0.99,0.002,0.008
1507,0.096,0.276,0.628
1508,0.128,0.094,0.778
1509,0.254,0.178,0.568
1510,0.122,0.428,0.45
1511,0.014,0.072,0.914
1512,0.02,0.158,0.822
1513,0.546,0.26,0.194
1514,0.024,0.312,0.664
1515,0.762,0.108,0.13
1516,0.172,0.05,0.778
1517,0.224,0.104,0.672
1518,0.348,0.276,0.376
1519,0.17,0.22,0.61
1520,0.248,0.434,0.318
1521,0.186,0.522,0.292
1522,0.214,0.474,0.312
1523,0.812,0.036,0.152
1524,0.424,0.04,0.536
1525,0.076,0.11,0.814
1526,0.07,0.404,0.526
1527,0.41,0.258,0.332
1528,0.08,0.234,0.686
1529,0.92,0.034,0.046
1530,0.136,0.078,0.786
1531,0.024,0.242,0.734
1532,0.128,0.058,0.814
1533,0.166,0.534,0.3
1534,0.05,0.122,0.828
1535,0.128,0.058,0.814
1536,0.038,0.058,0.904
1537,0.088,0.18,0.732
1538,0.168,0.068,0.764
1539,0.086,0.256,0.658
1540,0.038,0.164,0.798
1541,0.204,0.278,0.518
1542,0.046,0.33,0.624
1543,0.074,0.144,0.782
1544,0.13,0.304,0.566
1545,0.43,0.188,0.382
1546,0.126,0.488,0.386
1547,0.208,0.528,0.264
1548,0.724,0.104,0.172
1549,0.186,0.652,0.162
1550,0.044,0.426,0.53
1551,0.016,0.116,0.868
1552,0.382,0.17,0.448
1553,0.27,0.53,0.2
1554,0.14,0.042,0.818
1555,0.418,0.354,0.228
1556,0.104,0.478,0.418
1557,0.17,0.134,0.696
1558,0.046,0.062,0.892
1559,0.068,0.368,0.564
1560,0.188,0.346,0.466
1561,0.134,0.362,0.504
1562,0.076,0.07,0.854
1563,0.088,0.288,0.624
1564,0.356,0.336,0.308
1565,0.124,0.274,0.602
1566,0.546,0.092,0.362
1567,0.078,0.316,0.606
1568,0.092,0.514,0.394
1569,0.15,0.17,0.68
1570,0.148,0.44,0.412
1571,0.11,0.186,0.704
1572,0.038,0.606,0.356
1573,0.356,0.424,0.22
1574,0.054,0.28,0.666
1575,0.274,0.34,0.386
1576,0.3,0.216,0.484
1577,0.824,0.048,0.128
1578,0.186,0.254,0.56
1579,0.086,0.188,0.726
1580,0.652,0.2,0.148
1581,0.188,0.406,0.406
1582,0.128,0.306,0.566
1583,0.138,0.224,0.638
1584,0.044,0.508,0.448
1585,0.266,0.074,0.66
1586,0.32,0.17,0.51
1587,0.026,0.346,0.628
1588,0.154,0.168,0.678
1589,0.038,0.106,0.856
1590,0.414,0.19,0.396
1591,0.026,0.478,0.496
1592,0.41,0.134,0.456
1593,0.074,0.06,0.866
1594,0.054,0.272,0.674
1595,0.168,0.196,0.636
1596,0.5,0.228,0.272
1597,0.004,0.192,0.804
1598,0.682,0.054,0.264
1599,0.084,0.072,0.844
1600,0.908,0.028,0.064
1601,0.038,0.056,0.906
1602,0.018,0.066,0.916
1603,0.106,0.26,0.634
1604,0.346,0.266,0.388
1605,0.842,0.05,0.108
1606,0.066,0.076,0.858
1607,0.288,0.426,0.286
1608,0.06,0.152,0.788
1609,0.17,0.156,0.674
1610,0.084,0.162,0.754
1611,0.322,0.084,0.594
1612,0.192,0.2,0.608
1613,0.702,0.08,0.218
1614,0.46,0.02,0.52
1615,0.052,0.42,0.528
1616,0.544,0.07,0.386
1617,0.28,0.364,0.356
1618,0.026,0.092,0.882
1619,0.43,0.186,0.384
1620,0.098,0.104,0.798
1621,0.106,0.182,0.712
1622,0.054,0.054,0.892
1623,0.252,0.192,0.556
1624,0.322,0.292,0.386
1625,0.05,0.092,0.858
1626,0.052,0.22,0.728
1627,0.048,0.29,0.662
1628,0.14,0.14,0.72
1629,0.256,0.156,0.588
1630,0.146,0.114,0.74
1631,0.234,0.142,0.624
1632,0.33,0.426,0.244
1633,0.07,0.318,0.612
1634,0.228,0.602,0.17
1635,0.436,0.184,0.38
1636,0.056,0.084,0.86
1637,0.076,0.098,0.826
1638,0.078,0.428,0.494
1639,0.206,0.072,0.722
1640,0.096,0.078,0.826
1641,0.25,0.168,0.582
1642,0.052,0.69,0.258
1643,0.024,0.1,0.876
1644,0.052,0.084,0.864
1645,0.588,0.208,0.204
1646,0.332,0.384,0.284
1647,0.19,0.11,0.7
1648,0.058,0.172,0.77
1649,0.454,0.136,0.41
1650,0.166,0.452,0.382
1651,0.048,0.186,0.766
1652,0.114,0.114,0.772
1653,0.056,0.146,0.798
1654,0.09,0.02,0.89
1655,0.436,0.152,0.412
1656,0.02,0.216,0.764
1657,0.08,0.018,0.902
1658,0.214,0.25,0.536
1659,0.072,0.072,0.856
1660,0.044,0.28,0.676
1661,0.072,0.322,0.606
1662,0.064,0.14,0.796
1663,0.11,0.204,0.686
1664,0.212,0.474,0.314
1665,0.198,0.118,0.684
1666,0.126,0.08,0.794
1667,0.062,0.194,0.744
1668,0.016,0.014,0.97
1669,0.272,0.142,0.586
1670,0.744,0.034,0.222
1671,0.14,0.094,0.766
1672,0.608,0.116,0.276
1673,0.074,0.814,0.112
1674,0.042,0.418,0.54
1675,0.07,0.166,0.764
1676,0.062,0.13,0.808
1677,0.048,0.814,0.138
1678,0.106,0.106,0.788
1679,0.5,0.042,0.458
1680,0.166,0.112,0.722
1681,0.224,0.08,0.696
1682,0.264,0.14,0.596
1683,0.164,0.536,0.3
1684,0.052,0.044,0.904
1685,0.442,0.158,0.4
1686,0.552,0.036,0.412
1687,0.072,0.372,0.556
1688,0.086,0.102,0.812
1689,0.472,0.162,0.366
1690,0.392,0.376,0.232
1691,0.2,0.096,0.704
1692,0.018,0.284,0.698
1693,0.044,0.132,0.824
1694,0.566,0.146,0.288
1695,0.158,0.018,0.824
1696,0.116,0.106,0.778
1697,0.036,0.116,0.848
1698,0.362,0.012,0.626
1699,0.314,0.146,0.54
1700,0.542,0.088,0.37
1701,0.016,0.118,0.866
1702,0.184,0.236,0.58
1703,0.232,0.044,0.724
1704,0.028,0.21,0.762
1705,0.99,0.0,0.01
1706,0.13,0.1,0.77
1707,0.086,0.126,0.788
1708,0.202,0.208,0.59
1709,0.062,0.412,0.526
1710,0.074,0.158,0.768
1711,0.054,0.064,0.882
1712,0.114,0.088,0.798
1713,0.048,0.316,0.636
1714,0.868,0.058,0.074
1715,0.084,0.114,0.802
1716,0.756,0.034,0.21
1717,0.372,0.008,0.62
1718,0.038,0.028,0.934
1719,0.11,0.18,0.71
1720,0.962,0.004,0.034
1721,0.074,0.712,0.214
1722,0.188,0.23,0.582
1723,0.982,0.006,0.012
1724,0.032,0.372,0.596
1725,0.044,0.408,0.548
1726,0.046,0.12,0.834
1727,0.13,0.144,0.726
1728,0.066,0.23,0.704
1729,0.456,0.128,0.416
1730,0.052,0.466,0.482
1731,0.04,0.102,0.858
1732,0.542,0.152,0.306
1733,0.036,0.08,0.884
1734,0.038,0.22,0.742
1735,0.158,0.23,0.612
1736,0.022,0.168,0.81
1737,0.162,0.132,0.706
1738,0.166,0.144,0.69
1739,0.072,0.572,0.356
1740,0.124,0.128,0.748
1741,0.088,0.31,0.602
1742,0.038,0.32,0.642
1743,0.106,0.066,0.828
1744,0.154,0.45,0.396
1745,0.052,0.136,0.812
1746,0.026,0.284,0.69
1747,0.812,0.046,0.142
1748,0.104,0.158,0.738
1749,0.096,0.22,0.684
1750,0.396,0.22,0.384
1751,0.596,0.078,0.326
1752,0.222,0.15,0.628
1753,0.078,0.104,0.818
1754,0.006,0.346,0.648
1755,0.056,0.086,0.858
1756,0.078,0.36,0.562
1757,0.198,0.654,0.148
1758,0.278,0.156,0.566
1759,0.056,0.364,0.58
1760,0.022,0.44,0.538
1761,0.012,0.384,0.604
1762,0.188,0.086,0.726
1763,0.02,0.55,0.43
1764,0.296,0.172,0.532
1765,0.426,0.296,0.278
1766,0.046,0.176,0.778
1767,0.446,0.208,0.346
1768,0.152,0.442,0.406
1769,0.326,0.248,0.426
1770,0.078,0.296,0.626
1771,0.032,0.086,0.882
1772,0.352,0.394,0.254
1773,0.074,0.25,0.676
1774,0.096,0.138,0.766
1775,0.022,0.042,0.936
1776,0.062,0.54,0.398
1777,0.078,0.174,0.748
1778,0.102,0.092,0.806
1779,0.202,0.372,0.426
1780,0.34,0.15,0.51
1781,0.386,0.106,0.508
1782,0.448,0.124,0.428
1783,0.434,0.114,0.452
1784,0.16,0.642,0.198
1785,0.086,0.126,0.788
1786,0.114,0.184,0.702
1787,0.036,0.212,0.752
1788,0.16,0.07,0.77
1789,0.05,0.388,0.562
1790,0.024,0.26,0.716
1791,0.09,0.056,0.854
1792,0.2,0.136,0.664
1793,0.038,0.062,0.9
1794,0.13,0.124,0.746
1795,0.338,0.076,0.586
1796,0.22,0.258,0.522
1797,0.06,0.16,0.78
1798,0.356,0.03,0.614
1799,0.04,0.29,0.67
1800,0.072,0.1,0.828
1801,0.4,0.218,0.382
1802,0.082,0.258,0.66
1803,0.334,0.356,0.31
1804,0.144,0.638,0.218
1805,0.468,0.326,0.206
1806,0.192,0.058,0.75
1807,0.158,0.318,0.524
1808,0.258,0.122,0.62
1809,0.434,0.104,0.462
1810,0.16,0.168,0.672
1811,0.662,0.036,0.302
1812,0.444,0.128,0.428
1813,0.026,0.096,0.878
1814,0.12,0.078,0.802
1815,0.108,0.4,0.492
1816,0.402,0.162,0.436
1817,0.138,0.08,0.782
1818,0.05,0.282,0.668
1819,0.2,0.456,0.344
1820,0.072,0.064,0.864
1821,0.582,0.168,0.25
1822,0.01,0.676,0.314
1823,0.306,0.214,0.48
1824,0.354,0.132,0.514
1825,0.082,0.058,0.86
1826,0.208,0.32,0.472
1827,0.038,0.11,0.852
1828,0.098,0.402,0.5
1829,0.124,0.302,0.574
1830,0.274,0.12,0.606
1831,0.11,0.258,0.632
1832,0.404,0.174,0.422
1833,0.414,0.204,0.382
1834,0.2,0.242,0.558
1835,0.502,0.06,0.438
1836,0.258,0.186,0.556
1837,0.45,0.168,0.382
1838,0.14,0.15,0.71
1839,0.65,0.162,0.188
1840,0.064,0.532,0.404
1841,0.004,0.624,0.372
1842,0.068,0.06,0.872
1843,0.384,0.312,0.304
1844,0.288,0.208,0.504
1845,0.57,0.112,0.318
1846,0.036,0.2,0.764
1847,0.718,0.056,0.226
1848,0.082,0.278,0.64
1849,0.084,0.022,0.894
1850,0.442,0.31,0.248
1851,0.038,0.36,0.602
1852,0.228,0.08,0.692
1853,0.954,0.012,0.034
1854,0.048,0.628,0.324
1855,0.12,0.072,0.808
1856,0.21,0.186,0.604
1857,0.322,0.144,0.534
1858,0.02,0.12,0.86
1859,0.142,0.272,0.586
1860,0.042,0.16,0.798
1861,0.046,0.514,0.44
1862,0.216,0.228,0.556
1863,0.266,0.15,0.584
1864,0.154,0.226,0.62
1865,0.23,0.12,0.65
1866,0.268,0.132,0.6
1867,0.012,0.356,0.632
1868,0.04,0.324,0.636
1869,0.496,0.374,0.13
1870,0.096,0.23,0.674
1871,0.138,0.304,0.558
1872,0.466,0.102,0.432
1873,0.322,0.148,0.53
1874,0.374,0.068,0.558
1875,0.17,0.16,0.67
1876,0.084,0.066,0.85
1877,0.076,0.422,0.502
1878,0.05,0.538,0.412
1879,0.084,0.126,0.79
1880,0.198,0.066,0.736
1881,0.412,0.122,0.466
1882,0.118,0.112,0.77
1883,0.396,0.122,0.482
1884,0.15,0.16,0.69
1885,0.058,0.8,0.142
1886,0.2,0.484,0.316
1887,0.084,0.21,0.706
1888,0.006,0.026,0.968
1889,0.212,0.116,0.672
1890,0.388,0.222,0.39
1891,0.066,0.09,0.844
1892,1.0,0.0,0.0
1893,0.214,0.26,0.526
1894,0.172,0.152,0.676
1895,0.592,0.054,0.354
1896,0.166,0.206,0.628
1897,0.09,0.088,0.822
1898,0.406,0.054,0.54
1899,0.986,0.004,0.01
1900,0.838,0.034,0.128
1901,0.114,0.332,0.554
1902,0.562,0.108,0.33
1903,0.102,0.082,0.816
1904,0.102,0.172,0.726
1905,0.008,0.184,0.808
1906,0.148,0.15,0.702
1907,0.158,0.24,0.602
1908,0.036,0.102,0.862
1909,0.058,0.32,0.622
1910,0.174,0.258,0.568
1911,0.072,0.19,0.738
1912,0.374,0.142,0.484
1913,0.15,0.17,0.68
1914,0.168,0.072,0.76
1915,0.168,0.132,0.7
1916,0.198,0.128,0.674
1917,0.336,0.382,0.282
1918,0.152,0.096,0.752
1919,0.062,0.15,0.788
1920,0.096,0.168,0.736
1921,0.02,0.318,0.662
1922,0.012,0.064,0.924
1923,0.048,0.06,0.892
1924,0.024,0.134,0.842
1925,0.342,0.3,0.358
1926,0.05,0.136,0.814
1927,0.046,0.106,0.848
1928,0.066,0.206,0.728
1929,0.218,0.3,0.482
1930,0.554,0.144,0.302
1931,0.168,0.09,0.742
1932,0.54,0.268,0.192
1933,0.06,0.242,0.698
1934,0.08,0.282,0.638
1935,0.258,0.202,0.54
1936,0.286,0.316,0.398
1937,0.058,0.408,0.534
1938,0.162,0.278,0.56
1939,0.096,0.214,0.69
1940,0.194,0.22,0.586
1941,0.152,0.68,0.168
1942,0.972,0.004,0.024
1943,0.06,0.164,0.776
1944,0.254,0.216,0.53
1945,0.342,0.23,0.428
1946,0.394,0.032,0.574
1947,0.046,0.434,0.52
1948,0.046,0.29,0.664
1949,0.132,0.124,0.744
1950,0.204,0.314,0.482
1951,0.988,0.0,0.012
1952,0.066,0.076,0.858
1953,0.384,0.014,0.602
1954,0.464,0.012,0.524
1955,0.218,0.096,0.686
1956,0.69,0.012,0.298
1957,0.066,0.122,0.812
1958,0.734,0.088,0.178
1959,0.03,0.696,0.274
1960,0.176,0.12,0.704
1961,0.08,0.426,0.494
1962,0.278,0.146,0.576
1963,0.042,0.55,0.408
1964,0.166,0.374,0.46
1965,0.054,0.352,0.594
1966,0.274,0.122,0.604
1967,0.06,0.17,0.77
1968,0.082,0.166,0.752
1969,0.452,0.046,0.502
1970,0.208,0.214,0.578
1971,0.052,0.506,0.442
1972,0.018,0.492,0.49
1973,0.338,0.286,0.376
1974,0.518,0.088,0.394
1975,0.238,0.154,0.608
1976,0.22,0.46,0.32
1977,0.022,0.084,0.894
1978,0.348,0.24,0.412
1979,0.104,0.25,0.646
1980,0.156,0.304,0.54
1981,0.072,0.134,0.794
1982,0.83,0.028,0.142
1983,0.456,0.026,0.518
1984,0.184,0.152,0.664
1985,0.08,0.618,0.302
1986,0.922,0.022,0.056
1987,0.03,0.388,0.582
1988,0.168,0.224,0.608
1989,0.034,0.444,0.522
1990,0.422,0.24,0.338
1991,0.202,0.4,0.398
1992,0.038,0.286,0.676
1993,0.056,0.332,0.612
1994,0.054,0.046,0.9
1995,0.358,0.398,0.244
1996,0.004,0.056,0.94
1997,0.146,0.44,0.414
1998,0.238,0.028,0.734
1999,0.122,0.162,0.716
2000,0.422,0.234,0.344
2001,0.068,0.2,0.732
2002,0.092,0.338,0.57
2003,0.278,0.29,0.432
2004,0.41,0.144,0.446
2005,0.056,0.812,0.132
2006,0.192,0.136,0.672
2007,0.35,0.102,0.548
2008,0.084,0.636,0.28
2009,0.628,0.166,0.206
2010,0.134,0.03,0.836
2011,0.228,0.072,0.7
2012,0.12,0.474,0.406
2013,0.08,0.54,0.38
2014,0.052,0.362,0.586
2015,0.11,0.716,0.174
2016,0.504,0.132,0.364
2017,0.246,0.176,0.578
2018,0.1,0.114,0.786
2019,0.46,0.23,0.31
2020,0.178,0.28,0.542
2021,0.054,0.224,0.722
2022,0.604,0.148,0.248
2023,0.112,0.172,0.716
2024,0.488,0.152,0.36
2025,0.538,0.314,0.148
2026,0.026,0.076,0.898
2027,0.256,0.48,0.264
2028,0.17,0.372,0.458
2029,0.202,0.382,0.416
2030,0.462,0.362,0.176
2031,0.034,0.2,0.766
2032,0.654,0.232,0.114
2033,0.032,0.394,0.574
2034,0.708,0.086,0.206
2035,0.856,0.044,0.1
2036,0.056,0.21,0.734
2037,0.1,0.096,0.804
2038,0.686,0.136,0.178
2039,0.06,0.084,0.856
2040,0.034,0.274,0.692
2041,0.1,0.298,0.602
2042,0.144,0.75,0.106
2043,0.022,0.596,0.382
2044,0.1,0.488,0.412
2045,0.094,0.126,0.78
2046,0.98,0.008,0.012
2047,0.258,0.148,0.594
2048,0.056,0.14,0.804
2049,0.044,0.088,0.868
2050,0.126,0.088,0.786
2051,0.092,0.102,0.806
2052,0.15,0.038,0.812
2053,0.052,0.028,0.92
2054,0.026,0.522,0.452
2055,0.588,0.094,0.318
2056,0.064,0.052,0.884
2057,0.268,0.172,0.56
2058,0.176,0.072,0.752
2059,0.044,0.466,0.49
2060,0.234,0.196,0.57
2061,0.168,0.356,0.476
2062,0.068,0.038,0.894
2063,0.154,0.114,0.732
2064,0.038,0.058,0.904
2065,0.226,0.202,0.572
2066,0.196,0.3,0.504
2067,0.248,0.1,0.652
2068,0.158,0.278,0.564
2069,0.72,0.086,0.194
2070,0.122,0.408,0.47
2071,0.442,0.114,0.444
2072,0.162,0.172,0.666
2073,0.15,0.204,0.646
2074,0.646,0.114,0.24
2075,0.262,0.34,0.398
2076,0.142,0.114,0.744
2077,0.15,0.094,0.756
2078,0.3,0.118,0.582
2079,0.032,0.314,0.654
2080,0.1,0.136,0.764
2081,0.424,0.25,0.326
2082,0.542,0.132,0.326
2083,0.044,0.23,0.726
2084,0.952,0.008,0.04
2085,0.122,0.11,0.768
2086,0.012,0.278,0.71
2087,0.058,0.044,0.898
2088,0.106,0.4,0.494
2089,0.468,0.15,0.382
2090,0.102,0.086,0.812
2091,0.172,0.348,0.48
2092,0.586,0.19,0.224
2093,0.098,0.806,0.096
2094,0.036,0.052,0.912
2095,0.062,0.2,0.738
2096,0.008,0.104,0.888
2097,0.136,0.452,0.412
2098,0.362,0.15,0.488
2099,0.074,0.07,0.856
2100,0.104,0.366,0.53
2101,0.758,0.12,0.122
2102,0.158,0.326,0.516
2103,0.04,0.174,0.786
2104,0.08,0.352,0.568
2105,0.244,0.624,0.132
2106,0.09,0.062,0.848
2107,0.77,0.056,0.174
2108,0.166,0.162,0.672
2109,0.012,0.144,0.844
2110,0.188,0.324,0.488
2111,0.168,0.302,0.53
2112,0.282,0.116,0.602
2113,0.094,0.402,0.504
2114,0.088,0.612,0.3
2115,0.068,0.156,0.776
2116,0.068,0.636,0.296
2117,0.174,0.416,0.41
2118,0.27,0.146,0.584
2119,0.99,0.002,0.008
2120,0.158,0.12,0.722
2121,0.018,0.09,0.892
2122,0.042,0.062,0.896
2123,0.286,0.142,0.572
2124,0.898,0.034,0.068
2125,0.62,0.104,0.276
2126,0.006,0.182,0.812
2127,0.06,0.298,0.642
2128,0.072,0.398,0.53
2129,0.084,0.098,0.818
2130,0.082,0.15,0.768
2131,0.176,0.276,0.548
2132,0.184,0.134,0.682
2133,0.134,0.5,0.366
2134,0.042,0.092,0.866
2135,0.57,0.174,0.256
2136,0.06,0.436,0.504
2137,0.024,0.292,0.684
2138,0.554,0.036,0.41
2139,0.606,0.086,0.308
2140,0.168,0.304,0.528
2141,0.388,0.224,0.388
2142,0.024,0.098,0.878
2143,0.034,0.23,0.736
2144,0.29,0.194,0.516
2145,0.068,0.136,0.796
2146,0.072,0.184,0.744
2147,0.362,0.158,0.48
2148,0.224,0.122,0.654
2149,0.22,0.114,0.666
2150,0.198,0.054,0.748
2151,0.056,0.17,0.774
2152,0.026,0.074,0.9
2153,0.114,0.636,0.25
2154,0.37,0.102,0.528
2155,0.056,0.702,0.242
2156,0.256,0.204,0.54
2157,0.61,0.15,0.24
2158,0.036,0.1,0.864
2159,0.006,0.168,0.826
2160,0.19,0.38,0.43
2161,0.666,0.106,0.228
2162,0.046,0.24,0.714
2163,0.122,0.142,0.736
2164,0.338,0.222,0.44
2165,0.244,0.322,0.434
2166,0.222,0.242,0.536
2167,0.276,0.104,0.62
2168,0.204,0.354,0.442
2169,0.174,0.046,0.78
2170,0.776,0.106,0.118
2171,0.306,0.492,0.202
2172,0.068,0.456,0.476
2173,0.536,0.012,0.452
2174,0.182,0.072,0.746
2175,0.086,0.21,0.704
2176,0.118,0.046,0.836
2177,0.24,0.228,0.532
2178,0.554,0.026,0.42
2179,0.622,0.062,0.316
2180,0.564,0.092,0.344
2181,0.178,0.274,0.548
2182,0.25,0.088,0.662
2183,0.2,0.176,0.624
2184,0.132,0.64,0.228
2185,0.272,0.338,0.39
2186,0.258,0.118,0.624
2187,0.278,0.12,0.602
2188,0.438,0.216,0.346
2189,0.274,0.11,0.616
2190,0.088,0.154,0.758
2191,0.07,0.114,0.816
2192,0.058,0.126,0.816
2193,0.122,0.158,0.72
2194,0.054,0.09,0.856
2195,0.444,0.2,0.356
2196,0.716,0.07,0.214
2197,0.258,0.086,0.656
2198,0.056,0.524,0.42
2199,0.186,0.32,0.494
2200,0.65,0.088,0.262
2201,0.066,0.668,0.266
2202,0.114,0.256,0.63
2203,0.154,0.134,0.712
2204,0.95,0.01,0.04
2205,0.184,0.154,0.662
2206,0.206,0.242,0.552
2207,0.17,0.322,0.508
2208,0.064,0.36,0.576
2209,0.126,0.226,0.648
2210,0.056,0.256,0.688
2211,0.226,0.284,0.49
2212,0.038,0.178,0.784
2213,0.184,0.2,0.616
2214,0.32,0.276,0.404
2215,0.144,0.132,0.724
2216,0.188,0.116,0.696
2217,0.82,0.06,0.12
2218,0.96,0.008,0.032
2219,0.134,0.67,0.196
2220,0.05,0.24,0.71
2221,0.206,0.22,0.574
2222,0.168,0.18,0.652
2223,0.68,0.058,0.262
2224,0.276,0.016,0.708
2225,0.1,0.23,0.67
2226,0.06,0.354,0.586
2227,0.09,0.542,0.368
2228,0.288,0.19,0.522
2229,0.35,0.066,0.584
2230,0.368,0.136,0.496
2231,0.09,0.412,0.498
2232,0.812,0.022,0.166
2233,0.046,0.138,0.816
2234,0.734,0.094,0.172
2235,0.064,0.314,0.622
2236,0.206,0.228,0.566
2237,0.532,0.052,0.416
2238,0.218,0.346,0.436
2239,0.144,0.084,0.772
2240,0.078,0.108,0.814
2241,0.988,0.0,0.012
2242,0.126,0.4,0.474
2243,0.226,0.182,0.592
2244,0.248,0.332,0.42
2245,0.284,0.152,0.564
2246,0.14,0.148,0.712
2247,0.046,0.468,0.486
2248,0.634,0.136,0.23
2249,0.072,0.36,0.568
2250,0.692,0.06,0.248
2251,0.112,0.198,0.69
2252,0.068,0.198,0.734
2253,0.16,0.302,0.538
2254,0.01,0.124,0.866
2255,0.068,0.11,0.822
2256,0.028,0.286,0.686
2257,0.132,0.308,0.56
2258,0.596,0.06,0.344
2259,0.21,0.216,0.574
2260,0.462,0.126,0.412
2261,0.104,0.108,0.788
2262,0.104,0.314,0.582
2263,0.308,0.456,0.236
2264,0.092,0.154,0.754
2265,0.062,0.062,0.876
2266,0.086,0.44,0.474
2267,0.05,0.356,0.594
2268,0.46,0.14,0.4
2269,0.03,0.818,0.152
2270,0.058,0.246,0.696
2271,0.284,0.26,0.456
2272,0.08,0.422,0.498
2273,0.068,0.33,0.602
2274,0.142,0.17,0.688
2275,0.044,0.11,0.846
2276,0.17,0.08,0.75
2277,0.23,0.162,0.608
2278,0.16,0.128,0.712
2279,0.446,0.276,0.278
2280,0.558,0.222,0.22
2281,0.056,0.114,0.83
2282,0.342,0.094,0.564
2283,0.018,0.04,0.942
2284,0.076,0.072,0.852
2285,0.61,0.06,0.33
2286,0.256,0.122,0.622
2287,0.122,0.038,0.84
2288,0.242,0.326,0.432
2289,0.208,0.432,0.36
2290,0.128,0.104,0.768
2291,0.028,0.23,0.742
2292,0.088,0.128,0.784
2293,0.192,0.416,0.392
2294,0.124,0.044,0.832
2295,0.048,0.204,0.748
2296,0.57,0.13,0.3
2297,0.034,0.104,0.862
2298,0.348,0.202,0.45
2299,0.03,0.02,0.95
2300,0.856,0.032,0.112
2301,0.928,0.02,0.052
2302,0.214,0.478,0.308
2303,0.322,0.132,0.546
2304,0.654,0.062,0.284
2305,0.022,0.172,0.806
2306,0.358,0.278,0.364
2307,0.104,0.296,0.6
2308,0.032,0.056,0.912
2309,0.366,0.132,0.502
2310,0.064,0.282,0.654
2311,0.226,0.096,0.678
2312,0.356,0.13,0.514
2313,0.486,0.08,0.434
2314,0.056,0.244,0.7
2315,0.34,0.01,0.65
2316,0.446,0.202,0.352
2317,0.544,0.078,0.378
2318,0.052,0.062,0.886
2319,0.042,0.12,0.838
2320,0.054,0.052,0.894
2321,0.208,0.116,0.676
2322,0.054,0.41,0.536
2323,0.508,0.336,0.156
2324,0.242,0.112,0.646
2325,0.008,0.202,0.79
2326,0.066,0.116,0.818
2327,0.048,0.076,0.876
2328,0.324,0.048,0.628
2329,0.222,0.462,0.316
2330,0.132,0.062,0.806
2331,0.218,0.224,0.558
2332,0.206,0.352,0.442
2333,0.052,0.362,0.586
2334,0.09,0.16,0.75
2335,0.156,0.556,0.288
2336,0.478,0.178,0.344
2337,0.23,0.142,0.628
2338,0.038,0.532,0.43
2339,0.046,0.658,0.296
2340,0.108,0.174,0.718
2341,0.074,0.206,0.72
2342,0.602,0.138,0.26
2343,0.056,0.334,0.61
2344,0.052,0.366,0.582
2345,0.088,0.424,0.488
2346,0.258,0.022,0.72
2347,0.366,0.324,0.31
2348,0.198,0.438,0.364
2349,0.03,0.094,0.876
2350,0.044,0.382,0.574
2351,0.712,0.112,0.176
2352,0.034,0.264,0.702
2353,0.126,0.21,0.664
2354,0.036,0.172,0.792
2355,0.186,0.466,0.348
2356,0.492,0.152,0.356
2357,0.006,0.184,0.81
2358,0.088,0.278,0.634
2359,0.364,0.186,0.45
2360,0.106,0.224,0.67
2361,0.29,0.038,0.672
2362,0.666,0.108,0.226
2363,0.812,0.054,0.134
2364,0.812,0.028,0.16
2365,0.196,0.168,0.636
2366,0.006,0.03,0.964
2367,0.046,0.114,0.84
2368,0.096,0.346,0.558
2369,0.346,0.136,0.518
2370,0.1,0.072,0.828
2371,0.12,0.094,0.786
2372,0.02,0.326,0.654
2373,0.284,0.422,0.294
2374,0.19,0.126,0.684
2375,0.06,0.166,0.774
2376,0.186,0.21,0.604
2377,0.004,0.246,0.75
2378,0.692,0.042,0.266
2379,0.05,0.622,0.328
2380,0.212,0.288,0.5
2381,0.316,0.116,0.568
2382,0.118,0.222,0.66
2383,0.306,0.364,0.33
2384,0.048,0.816,0.136
2385,0.112,0.606,0.282
2386,0.262,0.126,0.612
2387,0.056,0.09,0.854
2388,0.306,0.124,0.57
2389,0.046,0.074,0.88
2390,0.054,0.21,0.736
2391,0.066,0.27,0.664
2392,0.164,0.478,0.358
2393,0.192,0.086,0.722
2394,0.182,0.022,0.796
2395,0.34,0.204,0.456
2396,0.178,0.1,0.722
2397,0.246,0.064,0.69
2398,0.132,0.138,0.73
2399,0.422,0.15,0.428
2400,0.168,0.084,0.748
2401,0.328,0.14,0.532
2402,0.202,0.11,0.688
2403,0.454,0.194,0.352
2404,0.158,0.178,0.664
2405,0.162,0.07,0.768
2406,0.148,0.088,0.764
2407,0.162,0.38,0.458
2408,0.862,0.022,0.116
2409,0.182,0.308,0.51
2410,0.154,0.198,0.648
2411,0.08,0.038,0.882
2412,0.054,0.276,0.67
2413,0.066,0.052,0.882
2414,0.33,0.346,0.324
2415,0.074,0.23,0.696
2416,0.148,0.112,0.74
2417,0.158,0.35,0.492
2418,0.284,0.112,0.604
2419,0.226,0.068,0.706
2420,0.03,0.614,0.356
2421,0.77,0.034,0.196
2422,0.626,0.12,0.254
2423,0.288,0.408,0.304
2424,0.304,0.066,0.63
2425,0.024,0.762,0.214
2426,0.138,0.474,0.388
2427,0.486,0.246,0.268
2428,0.482,0.252,0.266
2429,0.514,0.152,0.334
2430,0.076,0.388,0.536
2431,0.178,0.04,0.782
2432,0.13,0.154,0.716
2433,0.066,0.334,0.6
2434,0.326,0.132,0.542
2435,0.104,0.056,0.84
2436,0.044,0.096,0.86
2437,0.104,0.172,0.724
2438,0.066,0.062,0.872
2439,0.032,0.034,0.934
2440,0.348,0.154,0.498
2441,0.128,0.31,0.562
2442,0.162,0.314,0.524
2443,0.09,0.472,0.438
2444,0.522,0.232,0.246
2445,0.226,0.202,0.572
2446,0.222,0.182,0.596
2447,0.476,0.068,0.456
2448,0.468,0.156,0.376
2449,0.252,0.222,0.526
2450,0.044,0.218,0.738
2451,0.064,0.136,0.8
2452,0.1,0.22,0.68
2453,0.042,0.38,0.578
2454,0.236,0.102,0.662
2455,0.088,0.278,0.634
2456,0.268,0.196,0.536
2457,0.266,0.184,0.55
2458,0.428,0.09,0.482
2459,0.09,0.11,0.8
2460,0.224,0.39,0.386
2461,0.258,0.52,0.222
2462,0.294,0.13,0.576
2463,0.788,0.112,0.1
2464,0.356,0.216,0.428
2465,0.276,0.164,0.56
2466,0.14,0.406,0.454
2467,0.396,0.096,0.508
2468,0.222,0.216,0.562
2469,0.254,0.128,0.618
2470,0.2,0.484,0.316
2471,0.456,0.124,0.42
2472,0.048,0.316,0.636
2473,0.14,0.172,0.688
2474,0.672,0.122,0.206
2475,0.25,0.138,0.612
2476,0.736,0.05,0.214
2477,0.262,0.268,0.47
2478,0.396,0.13,0.474
2479,0.362,0.1,0.538
2480,0.022,0.88,0.098
2481,0.236,0.346,0.418
2482,0.146,0.196,0.658
2483,0.028,0.25,0.722
2484,0.366,0.18,0.454
2485,0.464,0.064,0.472
2486,0.21,0.21,0.58
2487,0.14,0.038,0.822
2488,0.256,0.478,0.266
2489,0.056,0.364,0.58
2490,0.194,0.11,0.696
2491,0.346,0.062,0.592
2492,0.098,0.262,0.64
2493,0.042,0.21,0.748
2494,0.758,0.05,0.192
2495,0.064,0.528,0.408
2496,0.048,0.714,0.238
2497,0.154,0.212,0.634
2498,0.098,0.292,0.61
2499,0.05,0.068,0.882
2500,0.066,0.202,0.732
2501,0.538,0.064,0.398
2502,0.034,0.138,0.828
2503,0.17,0.108,0.722
2504,0.096,0.43,0.474
2505,0.03,0.048,0.922
2506,0.1,0.212,0.688
2507,0.068,0.158,0.774
2508,0.638,0.06,0.302
2509,0.18,0.274,0.546
2510,0.086,0.086,0.828
2511,0.242,0.332,0.426
2512,0.07,0.106,0.824
2513,0.296,0.04,0.664
2514,0.04,0.39,0.57
2515,0.126,0.38,0.494
2516,0.312,0.312,0.376
2517,0.034,0.188,0.778
2518,0.202,0.23,0.568
2519,0.166,0.192,0.642
2520,0.018,0.35,0.632
2521,0.212,0.114,0.674
2522,0.048,0.116,0.836
2523,0.226,0.168,0.606
2524,0.756,0.04,0.204
2525,0.214,0.216,0.57
2526,0.062,0.614,0.324
2527,0.438,0.088,0.474
2528,0.586,0.122,0.292
2529,0.344,0.316,0.34
2530,0.094,0.076,0.83
2531,0.028,0.678,0.294
2532,0.024,0.116,0.86
2533,0.054,0.152,0.794
2534,0.13,0.144,0.726
2535,0.078,0.278,0.644
2536,0.158,0.074,0.768
2537,0.07,0.056,0.874
2538,0.028,0.802,0.17
2539,0.246,0.246,0.508
2540,0.07,0.23,0.7
2541,0.232,0.148,0.62
2542,0.286,0.224,0.49
2543,0.07,0.21,0.72
2544,0.282,0.218,0.5
2545,0.074,0.178,0.748
2546,0.078,0.07,0.852
2547,0.084,0.234,0.682
2548,0.34,0.256,0.404
2549,0.032,0.526,0.442
2550,0.35,0.076,0.574
2551,0.156,0.056,0.788
2552,0.042,0.022,0.936
2553,0.108,0.18,0.712
2554,0.32,0.13,0.55
2555,0.468,0.076,0.456
2556,0.024,0.122,0.854
2557,0.048,0.73,0.222
2558,0.084,0.554,0.362
2559,0.066,0.068,0.866
2560,0.466,0.03,0.504
2561,0.268,0.202,0.53
2562,0.072,0.098,0.83
2563,0.328,0.068,0.604
2564,0.306,0.08,0.614
2565,0.038,0.042,0.92
2566,0.962,0.01,0.028
2567,0.198,0.124,0.678
2568,0.218,0.096,0.686
2569,0.696,0.142,0.162
2570,0.056,0.062,0.882
2571,0.244,0.124,0.632
2572,0.25,0.034,0.716
2573,0.014,0.554,0.432
2574,0.114,0.344,0.542
2575,0.092,0.148,0.76
2576,0.162,0.48,0.358
2577,0.492,0.094,0.414
2578,0.208,0.136,0.656
2579,0.178,0.196,0.626
2580,0.244,0.278,0.478
2581,0.084,0.066,0.85
2582,0.31,0.088,0.602
2583,0.042,0.136,0.822
2584,0.716,0.04,0.244
2585,0.116,0.086,0.798
2586,0.138,0.082,0.78
2587,0.032,0.248,0.72
2588,0.204,0.14,0.656
2589,0.018,0.564,0.418
2590,0.174,0.108,0.718
2591,0.042,0.096,0.862
2592,0.726,0.058,0.216
2593,0.086,0.226,0.688
2594,0.174,0.296,0.53
2595,0.816,0.008,0.176
2596,0.578,0.15,0.272
2597,0.994,0.0,0.006
2598,0.078,0.242,0.68
2599,0.174,0.26,0.566
2600,0.978,0.006,0.016
2601,0.012,0.066,0.922
2602,0.376,0.14,0.484
2603,0.042,0.408,0.55
2604,0.036,0.23,0.734
2605,0.292,0.176,0.532
2606,0.23,0.33,0.44
2607,0.042,0.316,0.642
2608,0.146,0.168,0.686
2609,0.098,0.234,0.668
2610,0.082,0.414,0.504
2611,0.088,0.298,0.614
2612,0.102,0.2,0.698
2613,0.534,0.158,0.308
2614,0.344,0.204,0.452
2615,0.244,0.152,0.604
2616,0.08,0.134,0.786
2617,0.378,0.226,0.396
2618,0.188,0.062,0.75
2619,0.062,0.274,0.664
2620,0.104,0.056,0.84
2621,0.454,0.112,0.434
2622,0.158,0.412,0.43
2623,0.054,0.378,0.568
2624,0.044,0.382,0.574
2625,0.38,0.066,0.554
2626,0.24,0.05,0.71
2627,0.06,0.118,0.822
2628,0.59,0.076,0.334
2629,0.23,0.418,0.352
2630,0.09,0.174,0.736
2631,0.024,0.152,0.824
2632,0.96,0.012,0.028
2633,0.018,0.106,0.876
2634,0.068,0.068,0.864
2635,0.18,0.146,0.674
2636,0.064,0.042,0.894
2637,0.066,0.094,0.84
2638,0.044,0.28,0.676
2639,0.168,0.088,0.744
2640,0.68,0.06,0.26
2641,0.052,0.228,0.72
2642,0.13,0.08,0.79
2643,0.116,0.08,0.804
2644,0.254,0.088,0.658
2645,0.836,0.038,0.126
2646,0.08,0.138,0.782
2647,0.078,0.338,0.584
2648,0.366,0.12,0.514
2649,0.484,0.16,0.356
2650,0.786,0.094,0.12
2651,0.078,0.412,0.51
2652,0.302,0.368,0.33
2653,0.044,0.06,0.896
2654,0.066,0.12,0.814
2655,0.33,0.248,0.422
2656,0.114,0.148,0.738
2657,0.086,0.164,0.75
2658,0.234,0.388,0.378
2659,0.22,0.538,0.242
2660,0.218,0.218,0.564
2661,0.292,0.216,0.492
2662,0.192,0.046,0.762
2663,0.038,0.65,0.312
2664,0.508,0.076,0.416
2665,0.01,0.794,0.196
2666,0.04,0.564,0.396
2667,0.266,0.378,0.356
2668,0.05,0.096,0.854
2669,0.164,0.06,0.776
2670,0.092,0.046,0.862
2671,0.186,0.468,0.346
2672,0.108,0.238,0.654
2673,0.716,0.042,0.242
2674,0.01,0.08,0.91
2675,0.09,0.052,0.858
2676,0.454,0.188,0.358
2677,0.228,0.08,0.692
2678,0.614,0.166,0.22
2679,0.19,0.236,0.574
2680,0.1,0.316,0.584
2681,0.052,0.2,0.748
2682,0.382,0.146,0.472
2683,0.19,0.076,0.734
2684,0.23,0.084,0.686
2685,0.996,0.0,0.004
2686,0.188,0.544,0.268
2687,0.066,0.244,0.69
2688,0.454,0.122,0.424
2689,0.1,0.394,0.506
2690,0.016,0.098,0.886
2691,0.044,0.224,0.732
2692,0.238,0.184,0.578
2693,0.066,0.45,0.484
2694,0.706,0.014,0.28
2695,0.34,0.19,0.47
2696,0.046,0.232,0.722
2697,0.248,0.038,0.714
2698,0.062,0.11,0.828
2699,0.17,0.464,0.366
2700,0.106,0.094,0.8
2701,0.046,0.216,0.738
2702,0.286,0.056,0.658
2703,0.574,0.124,0.302
2704,0.696,0.082,0.222
2705,0.008,0.162,0.83
2706,0.062,0.184,0.754
2707,0.08,0.148,0.772
2708,0.038,0.16,0.802
2709,0.26,0.14,0.6
2710,0.082,0.38,0.538
2711,0.734,0.032,0.234
2712,0.056,0.196,0.748
2713,0.3,0.304,0.396
2714,0.626,0.09,0.284
2715,0.092,0.33,0.578
2716,0.182,0.104,0.714
2717,0.058,0.42,0.522
2718,0.062,0.056,0.882
2719,0.046,0.098,0.856
2720,0.71,0.096,0.194
2721,0.726,0.12,0.154
2722,0.09,0.09,0.82
2723,0.8,0.054,0.146
2724,0.062,0.192,0.746
2725,0.088,0.172,0.74
2726,0.02,0.104,0.876
2727,0.386,0.166,0.448
2728,0.358,0.15,0.492
2729,0.206,0.36,0.434
2730,0.504,0.118,0.378
2731,0.23,0.362,0.408
2732,0.106,0.27,0.624
2733,0.07,0.074,0.856
2734,0.372,0.122,0.506
2735,0.72,0.05,0.23
2736,0.064,0.524,0.412
2737,0.056,0.328,0.616
2738,0.42,0.372,0.208
2739,0.052,0.404,0.544
2740,0.032,0.078,0.89
2741,0.016,0.34,0.644
2742,0.308,0.064,0.628
2743,0.248,0.504,0.248
2744,0.024,0.256,0.72
2745,0.06,0.342,0.598
2746,0.812,0.102,0.086
2747,0.196,0.07,0.734
2748,0.346,0.054,0.6
2749,0.018,0.142,0.84
2750,0.17,0.456,0.374
2751,0.016,0.366,0.618
2752,0.024,0.064,0.912
2753,0.58,0.168,0.252
2754,0.214,0.132,0.654
2755,0.052,0.694,0.254
2756,0.036,0.126,0.838
2757,0.09,0.28,0.63
2758,0.082,0.048,0.87
2759,0.106,0.536,0.358
2760,0.032,0.466,0.502
2761,0.066,0.072,0.862
2762,0.266,0.048,0.686
2763,0.05,0.37,0.58
2764,0.008,0.356,0.636
2765,0.506,0.14,0.354
2766,0.216,0.178,0.606
2767,0.078,0.664,0.258
2768,0.058,0.286,0.656
2769,0.026,0.37,0.604
2770,0.112,0.188,0.7
2771,0.156,0.086,0.758
2772,0.548,0.258,0.194
2773,0.122,0.164,0.714
2774,0.148,0.494,0.358
2775,0.062,0.106,0.832
2776,0.088,0.1,0.812
2777,0.078,0.472,0.45
2778,0.082,0.27,0.648
2779,0.644,0.172,0.184
2780,0.3,0.524,0.176
2781,0.354,0.106,0.54
2782,0.006,0.144,0.85
2783,0.058,0.132,0.81
2784,0.824,0.046,0.13
2785,0.15,0.054,0.796
2786,0.038,0.368,0.594
2787,0.024,0.118,0.858
2788,0.958,0.012,0.03
2789,0.696,0.096,0.208
2790,0.076,0.102,0.822
2791,0.224,0.214,0.562
2792,0.182,0.17,0.648
2793,0.096,0.088,0.816
2794,0.244,0.03,0.726
2795,0.454,0.144,0.402
2796,0.156,0.52,0.324
2797,0.696,0.032,0.272
2798,0.686,0.066,0.248
2799,0.098,0.124,0.778
2800,0.12,0.066,0.814
2801,0.126,0.444,0.43
2802,0.078,0.054,0.868
2803,0.168,0.286,0.546
2804,0.382,0.158,0.46
2805,0.15,0.35,0.5
2806,0.014,0.26,0.726
2807,0.176,0.406,0.418
2808,0.482,0.172,0.346
2809,0.03,0.362,0.608
2810,0.448,0.326,0.226
2811,0.134,0.196,0.67
2812,0.026,0.422,0.552
2813,0.264,0.126,0.61
2814,0.326,0.032,0.642
2815,0.062,0.254,0.684
2816,0.524,0.126,0.35
2817,0.142,0.15,0.708
2818,0.356,0.138,0.506
2819,0.214,0.14,0.646
2820,0.078,0.196,0.726
2821,0.112,0.052,0.836
2822,0.01,0.078,0.912
2823,0.522,0.214,0.264
2824,0.236,0.536,0.228
2825,0.332,0.098,0.57
2826,0.164,0.24,0.596
2827,0.044,0.528,0.428
2828,0.232,0.044,0.724
2829,0.228,0.082,0.69
2830,0.13,0.068,0.802
2831,0.178,0.65,0.172
2832,0.092,0.386,0.522
2833,0.184,0.358,0.458
2834,0.06,0.238,0.702
2835,0.012,0.06,0.928
2836,0.618,0.26,0.122
2837,0.748,0.058,0.194
2838,0.282,0.192,0.526
2839,0.068,0.48,0.452
2840,0.324,0.102,0.574
2841,0.038,0.088,0.874
2842,0.056,0.052,0.892
2843,0.512,0.05,0.438
2844,0.336,0.14,0.524
2845,0.406,0.066,0.528
2846,0.578,0.094,0.328
2847,0.796,0.034,0.17
2848,0.388,0.064,0.548
2849,0.742,0.058,0.2
2850,0.064,0.332,0.604
2851,0.188,0.304,0.508
2852,0.092,0.284,0.624
2853,0.072,0.412,0.516
2854,0.054,0.414,0.532
2855,0.044,0.346,0.61
2856,0.328,0.178,0.494
2857,0.026,0.348,0.626
2858,0.186,0.13,0.684
2859,0.14,0.23,0.63
2860,0.236,0.14,0.624
2861,0.12,0.212,0.668
2862,0.476,0.1,0.424
2863,0.108,0.212,0.68
2864,0.57,0.132,0.298
2865,0.05,0.314,0.636
2866,0.11,0.22,0.67
2867,0.098,0.16,0.742
2868,0.394,0.46,0.146
2869,0.086,0.146,0.768
2870,0.956,0.012,0.032
2871,0.022,0.06,0.918
2872,0.218,0.094,0.688
2873,0.218,0.174,0.608
2874,0.436,0.174,0.39
2875,0.06,0.392,0.548
2876,0.248,0.154,0.598
2877,0.082,0.102,0.816
2878,0.042,0.052,0.906
2879,0.56,0.224,0.216
2880,0.352,0.148,0.5
2881,0.17,0.108,0.722
2882,0.038,0.154,0.808
2883,0.014,0.098,0.888
2884,0.248,0.146,0.606
2885,0.204,0.054,0.742
2886,0.07,0.536,0.394
2887,0.12,0.342,0.538
2888,0.232,0.358,0.41
2889,0.356,0.078,0.566
2890,0.266,0.172,0.562
2891,0.078,0.376,0.546
2892,0.006,0.258,0.736
2893,0.272,0.042,0.686
2894,0.07,0.774,0.156
2895,0.098,0.248,0.654
2896,0.03,0.436,0.534
2897,0.016,0.138,0.846
2898,0.132,0.024,0.844
2899,0.62,0.084,0.296
2900,0.468,0.068,0.464
2901,0.142,0.132,0.726
2902,0.228,0.2,0.572
2903,0.3,0.124,0.576
2904,0.086,0.284,0.63
2905,0.158,0.492,0.35
2906,0.094,0.158,0.748
2907,0.018,0.046,0.936
2908,0.042,0.106,0.852
2909,0.146,0.374,0.48
2910,0.072,0.396,0.532
2911,0.08,0.348,0.572
2912,0.812,0.008,0.18
2913,0.074,0.292,0.634
2914,0.166,0.078,0.756
2915,0.054,0.108,0.838
2916,0.062,0.268,0.67
2917,0.264,0.076,0.66
2918,0.076,0.854,0.07
2919,0.044,0.642,0.314
2920,0.244,0.264,0.492
2921,0.566,0.112,0.322
2922,0.09,0.164,0.746
2923,0.11,0.17,0.72
2924,0.084,0.132,0.784
2925,0.274,0.138,0.588
2926,0.984,0.002,0.014
2927,0.066,0.316,0.618
2928,0.058,0.21,0.732
2929,0.102,0.064,0.834
2930,0.036,0.118,0.846
2931,0.676,0.056,0.268
2932,0.54,0.018,0.442
2933,0.374,0.148,0.478
2934,0.072,0.102,0.826
2935,0.47,0.262,0.268
2936,0.074,0.24,0.686
2937,0.056,0.152,0.792
2938,0.102,0.508,0.39
2939,0.108,0.14,0.752
2940,0.182,0.162,0.656
2941,0.104,0.188,0.708
2942,0.184,0.176,0.64
2943,0.124,0.466,0.41
2944,0.692,0.116,0.192
2945,0.078,0.296,0.626
2946,0.168,0.16,0.672
2947,0.116,0.084,0.8
2948,0.128,0.36,0.512
2949,0.194,0.286,0.52
2950,0.2,0.072,0.728
2951,0.216,0.238,0.546
2952,0.144,0.104,0.752
2953,0.03,0.116,0.854
2954,0.834,0.044,0.122
2955,0.04,0.204,0.756
2956,0.206,0.404,0.39
2957,0.066,0.426,0.508
2958,0.052,0.194,0.754
2959,0.23,0.186,0.584
2960,0.078,0.484,0.438
2961,0.122,0.112,0.766
2962,0.228,0.378,0.394
2963,0.202,0.282,0.516
2964,0.164,0.1,0.736
2965,0.268,0.438,0.294
2966,0.064,0.292,0.644
2967,0.392,0.022,0.586
2968,0.164,0.408,0.428
2969,0.036,0.112,0.852
2970,0.01,0.306,0.684
2971,0.068,0.342,0.59
2972,0.064,0.028,0.908
2973,0.208,0.612,0.18
2974,0.098,0.366,0.536
2975,0.046,0.392,0.562
2976,0.094,0.264,0.642
2977,0.686,0.014,0.3
2978,0.084,0.062,0.854
2979,0.276,0.388,0.336
2980,0.062,0.226,0.712
2981,0.12,0.078,0.802
2982,0.068,0.098,0.834
2983,0.008,0.424,0.568
2984,0.258,0.356,0.386
2985,0.21,0.224,0.566
2986,0.31,0.102,0.588
2987,0.2,0.114,0.686
2988,0.21,0.182,0.608
2989,0.018,0.22,0.762
2990,0.416,0.098,0.486
2991,0.542,0.178,0.28
2992,0.234,0.2,0.566
2993,0.224,0.258,0.518
2994,0.112,0.168,0.72
2995,0.058,0.05,0.892
2996,0.638,0.07,0.292
2997,0.43,0.324,0.246
2998,0.45,0.144,0.406
2999,0.14,0.168,0.692
3000,0.792,0.04,0.168
3001,0.006,0.014,0.98
3002,0.232,0.074,0.694
3003,0.476,0.182,0.342
3004,0.834,0.026,0.14
3005,0.166,0.338,0.496
3006,0.114,0.068,0.818
3007,0.136,0.128,0.736
3008,0.484,0.044,0.472
3009,0.604,0.128,0.268
3010,0.32,0.15,0.53
3011,0.336,0.276,0.388
3012,0.03,0.084,0.886
3013,0.236,0.376,0.388
3014,0.224,0.028,0.748
3015,0.46,0.012,0.528
3016,0.318,0.052,0.63
3017,0.086,0.182,0.732
3018,0.766,0.112,0.122
3019,0.486,0.126,0.388
3020,0.396,0.326,0.278
3021,0.106,0.25,0.644
3022,0.03,0.066,0.904
3023,0.088,0.46,0.452
3024,0.246,0.154,0.6
3025,0.178,0.108,0.714
3026,0.126,0.398,0.476
3027,0.198,0.53,0.272
3028,0.256,0.352,0.392
3029,0.13,0.126,0.744
3030,0.242,0.114,0.644
3031,0.63,0.05,0.32
3032,0.804,0.05,0.146
3033,0.618,0.146,0.236
3034,0.58,0.128,0.292
3035,0.308,0.178,0.514
3036,0.062,0.392,0.546
3037,0.112,0.218,0.67
3038,0.296,0.144,0.56
3039,0.558,0.182,0.26
3040,0.204,0.046,0.75
3041,0.024,0.09,0.886
3042,0.426,0.146,0.428
3043,0.408,0.162,0.43
3044,0.974,0.008,0.018
3045,0.316,0.246,0.438
3046,0.466,0.012,0.522
3047,0.242,0.154,0.604
3048,0.104,0.192,0.704
3049,0.016,0.164,0.82
3050,0.408,0.186,0.406
3051,0.188,0.132,0.68
3052,0.044,0.092,0.864
3053,0.698,0.092,0.21
3054,0.136,0.152,0.712
3055,0.692,0.074,0.234
3056,0.06,0.246,0.694
3057,0.216,0.256,0.528
3058,0.122,0.104,0.774
3059,0.032,0.376,0.592
3060,0.884,0.024,0.092
3061,0.096,0.15,0.754
3062,0.298,0.144,0.558
3063,0.016,0.104,0.88
3064,0.088,0.326,0.586
3065,0.242,0.232,0.526
3066,0.22,0.2,0.58
3067,0.084,0.158,0.758
3068,0.044,0.1,0.856
3069,0.09,0.112,0.798
3070,0.014,0.128,0.858
3071,0.026,0.054,0.92
3072,0.076,0.632,0.292
3073,0.016,0.378,0.606
3074,0.096,0.014,0.89
3075,0.414,0.278,0.308
3076,0.104,0.258,0.638
3077,0.654,0.058,0.288
3078,0.046,0.194,0.76
3079,0.046,0.102,0.852
3080,0.196,0.508,0.296
3081,0.0,0.022,0.978
3082,0.06,0.354,0.586
3083,0.11,0.168,0.722
3084,0.422,0.188,0.39
3085,0.096,0.06,0.844
3086,0.13,0.048,0.822
3087,0.018,0.116,0.866
3088,0.02,0.218,0.762
3089,0.07,0.402,0.528
3090,0.146,0.152,0.702
3091,0.258,0.104,0.638
3092,0.06,0.334,0.606
3093,0.73,0.04,0.23
3094,0.778,0.038,0.184
3095,0.024,0.268,0.708
3096,0.194,0.298,0.508
3097,0.058,0.33,0.612
3098,0.246,0.264,0.49
3099,0.18,0.126,0.694
3100,0.06,0.344,0.596
3101,0.038,0.086,0.876
3102,0.214,0.242,0.544
3103,0.188,0.106,0.706
3104,0.23,0.11,0.66
3105,0.588,0.168,0.244
3106,0.038,0.36,0.602
3107,0.034,0.296,0.67
3108,0.264,0.178,0.558
3109,0.212,0.198,0.59
3110,0.162,0.218,0.62
3111,0.512,0.15,0.338
3112,0.524,0.244,0.232
3113,0.166,0.538,0.296
3114,0.034,0.142,0.824
3115,0.016,0.062,0.922
3116,0.062,0.262,0.676
3117,0.688,0.04,0.272
3118,0.432,0.24,0.328
3119,0.044,0.138,0.818
3120,0.174,0.182,0.644
3121,0.126,0.414,0.46
3122,0.086,0.056,0.858
3123,0.148,0.158,0.694
3124,0.492,0.022,0.486
3125,0.336,0.424,0.24
3126,0.978,0.008,0.014
3127,0.062,0.066,0.872
3128,0.028,0.756,0.216
3129,0.308,0.1,0.592
3130,0.456,0.026,0.518
3131,0.084,0.354,0.562
3132,0.086,0.414,0.5
3133,0.01,0.142,0.848
3134,0.094,0.134,0.772
3135,0.242,0.046,0.712
3136,0.264,0.194,0.542
3137,0.126,0.526,0.348
3138,0.32,0.108,0.572
3139,0.55,0.304,0.146
3140,0.196,0.468,0.336
3141,0.078,0.272,0.65
3142,0.168,0.084,0.748
3143,0.6,0.186,0.214
3144,0.114,0.336,0.55
3145,0.184,0.246,0.57
3146,0.02,0.246,0.734
3147,0.058,0.482,0.46
3148,0.206,0.332,0.462
3149,0.072,0.248,0.68
3150,0.176,0.474,0.35
3151,0.218,0.214,0.568
3152,0.054,0.172,0.774
3153,0.134,0.2,0.666
3154,0.766,0.038,0.196
3155,0.04,0.11,0.85
3156,0.414,0.118,0.468
3157,0.024,0.21,0.766
3158,0.324,0.098,0.578
3159,0.764,0.05,0.186
3160,0.334,0.134,0.532
3161,0.37,0.188,0.442
3162,0.092,0.458,0.45
3163,0.094,0.268,0.638
3164,0.052,0.034,0.914
3165,0.048,0.264,0.688
3166,0.256,0.33,0.414
3167,0.314,0.108,0.578
3168,0.2,0.214,0.586
3169,0.07,0.134,0.796
3170,0.038,0.164,0.798
3171,0.64,0.152,0.208
3172,0.092,0.206,0.702
3173,0.074,0.814,0.112
3174,0.642,0.082,0.276
3175,0.192,0.28,0.528
3176,0.1,0.104,0.796
3177,0.11,0.062,0.828
3178,0.278,0.11,0.612
3179,0.16,0.218,0.622
3180,0.038,0.036,0.926
3181,0.112,0.32,0.568
3182,0.116,0.318,0.566
3183,0.12,0.122,0.758
3184,0.782,0.058,0.16
3185,0.216,0.432,0.352
3186,0.058,0.086,0.856
3187,0.654,0.046,0.3
3188,0.066,0.048,0.886
3189,0.134,0.134,0.732
3190,0.322,0.128,0.55
3191,0.316,0.3,0.384
3192,0.032,0.108,0.86
3193,0.218,0.448,0.334
3194,0.248,0.456,0.296
3195,0.036,0.462,0.502
3196,0.524,0.184,0.292
3197,0.468,0.014,0.518
3198,0.066,0.178,0.756
3199,0.238,0.176,0.586
3200,0.392,0.162,0.446
3201,0.344,0.17,0.486
3202,0.052,0.45,0.498
3203,0.376,0.182,0.442
3204,0.39,0.192,0.418
3205,0.252,0.542,0.206
3206,0.022,0.198,0.78
3207,0.174,0.268,0.558
3208,0.032,0.308,0.66
3209,0.322,0.194,0.484
3210,0.412,0.088,0.5
3211,0.058,0.23,0.712
3212,0.176,0.066,0.758
3213,0.506,0.138,0.356
3214,0.322,0.12,0.558
3215,0.056,0.42,0.524
3216,0.112,0.174,0.714
3217,0.204,0.17,0.626
3218,0.044,0.12,0.836
3219,0.382,0.258,0.36
3220,0.832,0.066,0.102
3221,0.232,0.284,0.484
3222,0.142,0.122,0.736
3223,0.208,0.142,0.65
3224,0.424,0.188,0.388
3225,0.394,0.102,0.504
3226,0.038,0.148,0.814
3227,0.324,0.36,0.316
3228,0.176,0.008,0.816
3229,0.074,0.258,0.668
3230,0.388,0.012,0.6
3231,0.262,0.366,0.372
3232,0.274,0.37,0.356
3233,0.068,0.276,0.656
3234,0.516,0.048,0.436
3235,0.47,0.052,0.478
3236,0.138,0.19,0.672
3237,0.048,0.102,0.85
3238,0.162,0.074,0.764
3239,0.048,0.09,0.862
3240,0.826,0.026,0.148
3241,0.46,0.156,0.384
3242,0.084,0.374,0.542
3243,0.058,0.066,0.876
3244,0.044,0.382,0.574
3245,0.21,0.136,0.654
3246,0.2,0.466,0.334
3247,0.096,0.548,0.356
3248,0.076,0.28,0.644
3249,0.01,0.254,0.736
3250,0.03,0.252,0.718
3251,0.016,0.098,0.886
3252,0.166,0.084,0.75
3253,0.768,0.068,0.164
3254,0.3,0.186,0.514
3255,0.726,0.094,0.18
3256,0.06,0.102,0.838
3257,0.102,0.092,0.806
3258,0.548,0.148,0.304
3259,0.118,0.132,0.75
3260,0.076,0.39,0.534
3261,0.52,0.136,0.344
3262,0.038,0.234,0.728
3263,0.356,0.124,0.52
3264,0.046,0.394,0.56
3265,0.024,0.588,0.388
3266,0.068,0.218,0.714
3267,0.154,0.178,0.668
3268,0.394,0.156,0.45
3269,0.058,0.054,0.888
3270,0.25,0.102,0.648
3271,0.076,0.132,0.792
3272,0.916,0.034,0.05
3273,0.056,0.344,0.6
3274,0.552,0.232,0.216
3275,0.44,0.152,0.408
3276,0.136,0.4,0.464
3277,0.156,0.486,0.358
3278,0.06,0.102,0.838
3279,0.066,0.378,0.556
3280,0.028,0.188,0.784
3281,0.17,0.086,0.744
3282,0.012,0.036,0.952
3283,0.03,0.404,0.566
3284,0.096,0.212,0.692
3285,0.282,0.174,0.544
3286,0.502,0.074,0.424
3287,0.062,0.26,0.678
3288,0.958,0.01,0.032
3289,0.112,0.516,0.372
3290,0.06,0.194,0.746
3291,0.962,0.004,0.034
3292,0.16,0.176,0.664
3293,0.146,0.214,0.64
3294,0.122,0.202,0.676
3295,0.024,0.33,0.646
3296,0.046,0.078,0.876
3297,0.248,0.174,0.578
3298,0.34,0.106,0.554
3299,0.764,0.058,0.178
3300,0.164,0.476,0.36
3301,0.122,0.164,0.714
3302,0.246,0.394,0.36
3303,0.068,0.206,0.726
3304,0.926,0.018,0.056
3305,0.096,0.122,0.782
3306,0.392,0.152,0.456
3307,0.722,0.136,0.142
3308,0.18,0.496,0.324
3309,0.168,0.08,0.752
3310,0.09,0.188,0.722
3311,0.892,0.018,0.09
3312,0.022,0.04,0.938
3313,0.304,0.306,0.39
3314,0.032,0.342,0.626
3315,0.528,0.05,0.422
3316,0.342,0.178,0.48
3317,0.248,0.118,0.634
3318,0.792,0.056,0.152
3319,0.992,0.0,0.008
3320,0.034,0.144,0.822
3321,0.168,0.468,0.364
3322,0.174,0.484,0.342
3323,0.096,0.428,0.476
3324,0.224,0.1,0.676
3325,0.23,0.034,0.736
3326,0.056,0.108,0.836
3327,0.11,0.118,0.772
3328,0.268,0.188,0.544
3329,0.252,0.308,0.44
3330,0.196,0.182,0.622
3331,0.282,0.114,0.604
3332,0.036,0.202,0.762
3333,0.1,0.144,0.756
3334,0.256,0.168,0.576
3335,0.158,0.07,0.772
3336,0.554,0.21,0.236
3337,0.248,0.128,0.624
3338,0.388,0.362,0.25
3339,0.982,0.0,0.018
3340,0.068,0.074,0.858
3341,0.066,0.404,0.53
3342,0.036,0.334,0.63
3343,0.134,0.186,0.68
3344,0.13,0.222,0.648
3345,0.06,0.374,0.566
3346,0.034,0.014,0.952
3347,0.066,0.094,0.84
3348,0.21,0.432,0.358
3349,0.244,0.124,0.632
3350,0.16,0.262,0.578
3351,0.174,0.138,0.688
3352,0.25,0.204,0.546
3353,0.038,0.27,0.692
3354,0.146,0.404,0.45
3355,0.012,0.066,0.922
3356,0.358,0.256,0.386
3357,0.304,0.328,0.368
3358,0.062,0.414,0.524
3359,0.008,0.2,0.792
3360,0.026,0.152,0.822
3361,0.086,0.162,0.752
3362,0.244,0.152,0.604
3363,0.116,0.122,0.762
3364,0.484,0.226,0.29
3365,0.046,0.018,0.936
3366,0.166,0.022,0.812
3367,0.082,0.206,0.712
3368,0.728,0.102,0.17
3369,0.066,0.154,0.78
3370,0.974,0.008,0.018
3371,0.302,0.244,0.454
3372,0.182,0.494,0.324
3373,0.656,0.062,0.282
3374,0.05,0.086,0.864
3375,0.056,0.16,0.784
3376,0.238,0.34,0.422
3377,0.036,0.398,0.566
3378,0.998,0.0,0.002
3379,0.032,0.136,0.832
3380,0.474,0.132,0.394
3381,0.308,0.138,0.554
3382,0.114,0.758,0.128
3383,0.044,0.686,0.27
3384,0.032,0.164,0.804
3385,0.976,0.006,0.018
3386,0.55,0.072,0.378
3387,0.058,0.356,0.586
3388,0.654,0.068,0.278
3389,0.162,0.14,0.698
3390,0.204,0.46,0.336
3391,0.482,0.072,0.446
3392,0.066,0.426,0.508
3393,0.046,0.208,0.746
3394,0.266,0.212,0.522
3395,0.982,0.004,0.014
3396,0.098,0.066,0.836
3397,0.106,0.598,0.296
3398,0.258,0.228,0.514
3399,0.122,0.178,0.7
3400,0.088,0.13,0.782
3401,0.064,0.102,0.834
3402,0.464,0.18,0.356
3403,0.478,0.068,0.454
3404,0.1,0.186,0.714
3405,0.112,0.3,0.588
3406,0.838,0.068,0.094
3407,0.194,0.2,0.606
3408,0.998,0.002,0.0
3409,0.796,0.076,0.128
3410,0.982,0.0,0.018
3411,0.316,0.038,0.646
3412,0.358,0.198,0.444
3413,0.392,0.156,0.452
3414,0.492,0.15,0.358
3415,0.386,0.028,0.586
3416,0.252,0.36,0.388
3417,0.202,0.198,0.6
3418,0.192,0.058,0.75
3419,0.158,0.036,0.806
3420,0.292,0.116,0.592
3421,0.446,0.008,0.546
3422,0.148,0.186,0.666
3423,0.072,0.1,0.828
3424,0.392,0.154,0.454
3425,0.174,0.14,0.686
3426,0.09,0.16,0.75
3427,0.21,0.042,0.748
3428,0.046,0.12,0.834
3429,0.686,0.162,0.152
3430,0.032,0.304,0.664
3431,0.406,0.082,0.512
3432,0.06,0.194,0.746
3433,0.222,0.036,0.742
3434,0.354,0.154,0.492
3435,0.51,0.142,0.348
3436,0.104,0.192,0.704
3437,0.102,0.274,0.624
3438,0.238,0.514,0.248
3439,0.022,0.134,0.844
3440,0.048,0.252,0.7
3441,0.028,0.21,0.762
3442,0.034,0.31,0.656
3443,0.672,0.056,0.272
3444,0.332,0.098,0.57
3445,0.012,0.088,0.9
3446,0.026,0.09,0.884
3447,0.96,0.004,0.036
3448,0.32,0.128,0.552
3449,0.37,0.112,0.518
3450,0.09,0.228,0.682
3451,0.188,0.284,0.528
3452,0.704,0.02,0.276
3453,0.162,0.198,0.64
3454,0.48,0.196,0.324
3455,0.206,0.148,0.646
3456,0.352,0.34,0.308
3457,0.592,0.082,0.326
3458,0.058,0.188,0.754
3459,0.184,0.098,0.718
3460,0.452,0.116,0.432
3461,0.104,0.15,0.746
3462,0.266,0.19,0.544
3463,0.448,0.13,0.422
3464,0.042,0.486,0.472
3465,0.032,0.088,0.88
3466,0.086,0.084,0.83
3467,0.268,0.46,0.272
3468,0.212,0.054,0.734
3469,0.09,0.602,0.308
3470,0.724,0.024,0.252
3471,0.076,0.446,0.478
3472,0.04,0.14,0.82
3473,0.274,0.124,0.602
3474,0.08,0.178,0.742
3475,0.008,0.012,0.98
3476,0.242,0.306,0.452
3477,0.116,0.082,0.802
3478,0.644,0.134,0.222
3479,0.29,0.326,0.384
3480,0.128,0.608,0.264
3481,0.156,0.128,0.716
3482,0.082,0.428,0.49
3483,0.824,0.06,0.116
3484,0.172,0.108,0.72
3485,0.186,0.116,0.698
3486,0.012,0.058,0.93
3487,0.394,0.23,0.376
3488,0.162,0.21,0.628
3489,0.386,0.172,0.442
3490,0.094,0.086,0.82
3491,0.9,0.038,0.062
3492,0.122,0.38,0.498
3493,0.156,0.248,0.596
3494,0.178,0.058,0.764
3495,0.374,0.03,0.596
3496,0.38,0.172,0.448
3497,0.01,0.094,0.896
3498,0.068,0.248,0.684
3499,0.118,0.712,0.17
3500,0.422,0.334,0.244
3501,0.044,0.132,0.824
3502,0.292,0.31,0.398
3503,0.008,0.116,0.876
3504,0.464,0.27,0.266
3505,0.52,0.124,0.356
3506,0.132,0.044,0.824
3507,0.204,0.676,0.12
3508,0.018,0.224,0.758
3509,0.278,0.1,0.622
3510,0.1,0.39,0.51
3511,0.37,0.106,0.524
3512,0.076,0.164,0.76
3513,0.088,0.372,0.54
3514,0.976,0.008,0.016
3515,0.0,0.452,0.548
3516,0.27,0.142,0.588
3517,0.058,0.116,0.826
3518,0.07,0.076,0.854
3519,0.19,0.062,0.748
3520,0.848,0.052,0.1
3521,0.304,0.1,0.596
3522,0.136,0.05,0.814
3523,0.028,0.056,0.916
3524,0.574,0.052,0.374
3525,0.066,0.192,0.742
3526,0.04,0.446,0.514
3527,0.566,0.2,0.234
3528,0.318,0.112,0.57
3529,0.308,0.184,0.508
3530,0.088,0.056,0.856
3531,0.042,0.18,0.778
3532,0.128,0.358,0.514
3533,0.048,0.31,0.642
3534,0.302,0.136,0.562
3535,0.154,0.076,0.77
3536,0.078,0.216,0.706
3537,0.052,0.158,0.79
3538,0.032,0.176,0.792
3539,0.896,0.034,0.07
3540,0.256,0.386,0.358
3541,0.208,0.066,0.726
3542,0.052,0.362,0.586
3543,0.156,0.086,0.758
3544,0.146,0.096,0.758
3545,0.164,0.036,0.8
3546,0.066,0.08,0.854
3547,0.064,0.28,0.656
3548,0.122,0.042,0.836
3549,0.056,0.342,0.602
3550,0.44,0.188,0.372
3551,0.07,0.354,0.576
3552,0.042,0.072,0.886
3553,0.934,0.018,0.048
3554,0.382,0.266,0.352
3555,0.04,0.572,0.388
3556,0.188,0.082,0.73
3557,0.104,0.208,0.688
3558,0.218,0.214,0.568
3559,0.102,0.234,0.664
3560,0.148,0.142,0.71
3561,0.038,0.048,0.914
3562,0.052,0.15,0.798
3563,0.132,0.35,0.518
3564,0.464,0.142,0.394
3565,0.328,0.174,0.498
3566,0.034,0.448,0.518
3567,0.096,0.072,0.832
3568,0.514,0.138,0.348
3569,0.084,0.348,0.568
3570,0.106,0.206,0.688
3571,0.374,0.156,0.47
3572,0.294,0.146,0.56
3573,0.028,0.156,0.816
3574,0.07,0.098,0.832
3575,0.052,0.376,0.572
3576,0.298,0.174,0.528
3577,0.008,0.014,0.978
3578,0.038,0.056,0.906
3579,0.1,0.158,0.742
3580,0.25,0.432,0.318
3581,0.076,0.1,0.824
3582,0.08,0.13,0.79
3583,0.266,0.364,0.37
3584,0.5,0.01,0.49
3585,0.142,0.318,0.54
3586,0.496,0.238,0.266
3587,0.064,0.248,0.688
3588,0.236,0.272,0.492
3589,0.082,0.408,0.51
3590,0.3,0.224,0.476
3591,0.162,0.184,0.654
3592,0.626,0.054,0.32
3593,0.23,0.27,0.5
3594,0.54,0.058,0.402
3595,0.022,0.228,0.75
3596,0.18,0.1,0.72
3597,0.074,0.602,0.324
3598,0.17,0.236,0.594
3599,0.314,0.116,0.57
3600,0.272,0.154,0.574
3601,0.33,0.102,0.568
3602,0.214,0.316,0.47
3603,0.192,0.046,0.762
3604,0.974,0.008,0.018
3605,0.522,0.186,0.292
3606,0.372,0.26,0.368
3607,0.038,0.464,0.498
3608,0.342,0.164,0.494
3609,0.836,0.022,0.142
3610,0.01,0.122,0.868
3611,0.196,0.3,0.504
3612,0.37,0.22,0.41
3613,0.044,0.156,0.8
3614,0.078,0.37,0.552
3615,0.412,0.134,0.454
3616,0.996,0.002,0.002
3617,0.06,0.456,0.484
3618,0.312,0.106,0.582
3619,0.2,0.144,0.656
3620,0.046,0.148,0.806
3621,0.166,0.126,0.708
3622,0.144,0.27,0.586
3623,0.018,0.102,0.88
3624,0.126,0.06,0.814
3625,0.162,0.142,0.696
3626,0.022,0.13,0.848
3627,0.076,0.12,0.804
3628,0.294,0.08,0.626
3629,0.98,0.002,0.018
3630,0.312,0.286,0.402
3631,0.062,0.07,0.868
3632,0.144,0.08,0.776
3633,0.068,0.264,0.668
3634,0.904,0.036,0.06
3635,0.262,0.136,0.602
3636,0.212,0.446,0.342
3637,0.024,0.266,0.71
3638,0.054,0.072,0.874
3639,0.162,0.62,0.218
3640,0.598,0.07,0.332
3641,0.022,0.098,0.88
3642,0.09,0.168,0.742
3643,0.04,0.17,0.79
3644,0.786,0.034,0.18
3645,0.048,0.138,0.814
3646,0.034,0.44,0.526
3647,0.068,0.13,0.802
3648,0.094,0.356,0.55
3649,0.84,0.03,0.13
3650,0.044,0.63,0.326
3651,0.282,0.126,0.592
3652,0.25,0.052,0.698
3653,0.502,0.184,0.314
3654,0.18,0.128,0.692
3655,0.596,0.132,0.272
3656,0.14,0.588,0.272
3657,0.216,0.168,0.616
3658,0.214,0.146,0.64
3659,0.062,0.402,0.536
3660,0.014,0.928,0.058
3661,0.086,0.12,0.794
3662,0.068,0.482,0.45
3663,0.988,0.0,0.012
3664,0.006,0.26,0.734
3665,0.372,0.06,0.568
3666,0.342,0.452,0.206
3667,0.75,0.054,0.196
3668,0.974,0.01,0.016
3669,0.202,0.224,0.574
3670,0.066,0.284,0.65
3671,0.04,0.238,0.722
3672,0.256,0.174,0.57
3673,0.426,0.082,0.492
3674,0.092,0.254,0.654
3675,0.162,0.246,0.592
3676,0.098,0.32,0.582
3677,0.038,0.272,0.69
3678,0.018,0.18,0.802
3679,0.148,0.136,0.716
3680,0.588,0.188,0.224
3681,0.508,0.252,0.24
3682,0.092,0.302,0.606
3683,0.952,0.006,0.042
3684,0.026,0.108,0.866
3685,0.068,0.116,0.816
3686,0.062,0.296,0.642
3687,0.27,0.128,0.602
3688,0.224,0.158,0.618
3689,0.116,0.212,0.672
3690,0.776,0.054,0.17
3691,0.592,0.134,0.274
3692,0.064,0.048,0.888
3693,0.7,0.074,0.226
3694,0.126,0.09,0.784
3695,0.234,0.308,0.458
3696,0.018,0.304,0.678
3697,0.772,0.036,0.192
3698,0.122,0.246,0.632
3699,0.454,0.174,0.372
3700,0.172,0.048,0.78
3701,0.07,0.114,0.816
3702,0.006,0.038,0.956
3703,0.062,0.262,0.676
3704,0.116,0.384,0.5
3705,0.098,0.202,0.7
3706,0.166,0.132,0.702
3707,0.466,0.12,0.414
3708,0.034,0.554,0.412
3709,0.224,0.066,0.71
3710,0.528,0.104,0.368
3711,0.48,0.188,0.332
3712,0.096,0.12,0.784
3713,0.288,0.102,0.61
3714,0.088,0.056,0.856
3715,0.068,0.284,0.648
3716,0.362,0.052,0.586
3717,0.054,0.066,0.88
3718,0.418,0.186,0.396
3719,0.134,0.144,0.722
3720,0.22,0.138,0.642
3721,0.242,0.2,0.558
3722,0.256,0.362,0.382
3723,0.122,0.368,0.51
3724,0.364,0.128,0.508
3725,0.288,0.36,0.352
3726,0.47,0.076,0.454
3727,0.594,0.274,0.132
3728,0.732,0.09,0.178
3729,0.988,0.0,0.012
3730,0.06,0.22,0.72
3731,0.06,0.13,0.81
3732,0.176,0.048,0.776
3733,0.14,0.156,0.704
3734,0.092,0.128,0.78
3735,0.3,0.188,0.512
3736,0.526,0.14,0.334
3737,0.132,0.19,0.678
3738,0.378,0.128,0.494
3739,0.076,0.464,0.46
3740,0.318,0.136,0.546
3741,0.778,0.096,0.126
3742,0.042,0.276,0.682
3743,0.068,0.118,0.814
3744,0.04,0.238,0.722
3745,0.848,0.032,0.12
3746,0.132,0.382,0.486
3747,0.208,0.12,0.672
3748,0.142,0.418,0.44
3749,0.066,0.174,0.76
3750,0.2,0.136,0.664
3751,0.188,0.446,0.366
3752,0.214,0.042,0.744
3753,0.24,0.234,0.526
3754,0.408,0.082,0.51
3755,0.256,0.212,0.532
3756,0.768,0.06,0.172
3757,0.038,0.57,0.392
3758,0.39,0.316,0.294
3759,0.04,0.268,0.692
3760,0.224,0.35,0.426
3761,0.03,0.25,0.72
3762,0.074,0.084,0.842
3763,0.338,0.22,0.442
3764,0.094,0.204,0.702
3765,0.098,0.206,0.696
3766,0.06,0.396,0.544
3767,0.084,0.34,0.576
3768,0.172,0.058,0.77
3769,0.222,0.266,0.512
3770,0.384,0.082,0.534
3771,0.172,0.11,0.718
3772,0.218,0.426,0.356
3773,0.092,0.184,0.724
3774,0.072,0.282,0.646
3775,0.682,0.052,0.266
3776,0.028,0.13,0.842
3777,0.048,0.052,0.9
3778,0.1,0.694,0.206
3779,0.076,0.414,0.51
3780,0.344,0.162,0.494
3781,0.358,0.104,0.538
3782,0.214,0.354,0.432
3783,0.036,0.202,0.762
3784,0.366,0.15,0.484
3785,0.134,0.12,0.746
3786,0.02,0.32,0.66
3787,0.028,0.362,0.61
3788,0.362,0.454,0.184
3789,0.216,0.22,0.564
3790,0.13,0.122,0.748
3791,0.088,0.536,0.376
3792,0.1,0.378,0.522
3793,0.122,0.07,0.808
3794,0.11,0.372,0.518
3795,0.19,0.12,0.69
3796,0.582,0.158,0.26
3797,0.448,0.25,0.302
3798,0.38,0.016,0.604
3799,0.756,0.018,0.226
3800,0.554,0.044,0.402
3801,0.018,0.306,0.676
3802,0.064,0.084,0.852
3803,0.194,0.356,0.45
3804,0.228,0.04,0.732
3805,0.114,0.072,0.814
3806,0.178,0.538,0.284
3807,0.036,0.062,0.902
3808,0.034,0.186,0.78
3809,0.03,0.188,0.782
3810,0.204,0.198,0.598
3811,0.082,0.294,0.624
3812,0.178,0.304,0.518
3813,0.086,0.22,0.694
3814,0.082,0.216,0.702
3815,0.062,0.204,0.734
3816,0.146,0.138,0.716
3817,0.31,0.146,0.544
3818,0.194,0.142,0.664
3819,0.03,0.582,0.388
3820,0.238,0.13,0.632
3821,0.078,0.186,0.736
3822,0.018,0.088,0.894
3823,0.238,0.198,0.564
3824,0.252,0.024,0.724
3825,0.042,0.366,0.592
3826,0.246,0.136,0.618
3827,0.038,0.092,0.87
3828,0.75,0.054,0.196
3829,0.206,0.132,0.662
3830,0.17,0.294,0.536
3831,0.18,0.036,0.784
3832,0.1,0.038,0.862
3833,0.184,0.42,0.396
3834,0.134,0.198,0.668
3835,0.244,0.036,0.72
3836,0.03,0.132,0.838
3837,0.038,0.232,0.73
3838,0.074,0.284,0.642
3839,0.032,0.178,0.79
