,0,1,2,3,4,5,6,7,8,9
0,0.212,0.004,0.01,0.016,0.0,0.002,0.002,0.01,0.302,0.442
1,0.158,0.036,0.012,0.012,0.004,0.002,0.002,0.014,0.194,0.566
2,0.02,0.002,0.008,0.012,0.0,0.0,0.002,0.002,0.624,0.33
3,0.42,0.004,0.006,0.002,0.0,0.0,0.002,0.002,0.086,0.478
4,0.254,0.032,0.024,0.002,0.008,0.004,0.01,0.144,0.186,0.336
5,0.02,0.15,0.088,0.166,0.29,0.022,0.076,0.0,0.014,0.174
6,0.56,0.008,0.004,0.004,0.0,0.0,0.008,0.006,0.13,0.28
7,0.256,0.018,0.062,0.018,0.014,0.004,0.012,0.01,0.108,0.498
8,0.0,0.0,0.0,0.0,0.0,0.0,0.0,0.0,0.0,1.0
9,0.036,0.044,0.076,0.168,0.008,0.0,0.008,0.022,0.192,0.446
10,0.006,0.052,0.116,0.052,0.028,0.014,0.03,0.006,0.09,0.606
11,0.132,0.01,0.016,0.036,0.004,0.002,0.01,0.0,0.116,0.674
12,0.066,0.018,0.032,0.016,0.0,0.0,0.0,0.01,0.29,0.568
13,0.104,0.056,0.052,0.062,0.028,0.004,0.02,0.028,0.226,0.42
14,0.132,0.022,0.02,0.004,0.002,0.0,0.004,0.006,0.064,0.746
15,0.048,0.114,0.044,0.044,0.034,0.052,0.112,0.078,0.198,0.276
16,0.326,0.008,0.012,0.0,0.0,0.0,0.002,0.19,0.066,0.396
17,0.042,0.038,0.03,0.054,0.482,0.024,0.076,0.0,0.04,0.214
18,0.6,0.016,0.012,0.0,0.004,0.0,0.0,0.028,0.148,0.192
19,0.066,0.08,0.058,0.046,0.282,0.178,0.156,0.004,0.01,0.12
20,0.082,0.024,0.04,0.036,0.002,0.0,0.01,0.254,0.238,0.314
21,0.006,0.01,0.04,0.018,0.004,0.002,0.022,0.002,0.048,0.848
22,0.016,0.05,0.178,0.126,0.008,0.002,0.016,0.002,0.034,0.568
23,0.092,0.038,0.048,0.046,0.316,0.048,0.074,0.0,0.038,0.3
24,0.022,0.118,0.308,0.058,0.028,0.002,0.034,0.014,0.116,0.3
25,0.018,0.0,0.004,0.04,0.002,0.0,0.0,0.002,0.212,0.722
26,0.204,0.014,0.01,0.018,0.002,0.0,0.004,0.132,0.258,0.358
27,0.396,0.018,0.014,0.006,0.0,0.0,0.002,0.012,0.152,0.4
28,0.0,0.0,0.0,0.0,0.0,0.0,0.0,0.0,0.002,0.998
29,0.018,0.018,0.018,0.07,0.002,0.006,0.01,0.012,0.114,0.732
30,0.072,0.064,0.064,0.05,0.386,0.066,0.088,0.008,0.032,0.17
31,0.022,0.116,0.122,0.308,0.144,0.024,0.034,0.0,0.01,0.22
32,0.008,0.026,0.0,0.026,0.022,0.026,0.06,0.0,0.002,0.83
33,0.006,0.0,0.004,0.002,0.0,0.0,0.0,0.004,0.128,0.856
34,0.092,0.014,0.012,0.036,0.012,0.038,0.038,0.144,0.192,0.422
35,0.14,0.106,0.142,0.108,0.062,0.012,0.136,0.008,0.078,0.208
36,0.308,0.004,0.004,0.004,0.002,0.0,0.004,0.008,0.138,0.528
37,0.004,0.0,0.002,0.026,0.0,0.0,0.0,0.0,0.186,0.782
38,0.012,0.0,0.0,0.03,0.0,0.0,0.0,0.002,0.298,0.658
39,0.01,0.002,0.008,0.01,0.006,0.0,0.004,0.008,0.052,0.9
40,0.012,0.224,0.052,0.028,0.078,0.118,0.34,0.006,0.054,0.088
41,0.098,0.012,0.044,0.034,0.006,0.014,0.016,0.24,0.142,0.394
42,0.102,0.06,0.056,0.092,0.126,0.048,0.014,0.004,0.022,0.476
43,0.002,0.046,0.016,0.04,0.022,0.032,0.034,0.004,0.044,0.76
44,0.012,0.0,0.006,0.008,0.0,0.0,0.0,0.006,0.13,0.838
45,0.17,0.0,0.01,0.034,0.0,0.0,0.002,0.076,0.262,0.446
46,0.004,0.002,0.012,0.006,0.002,0.0,0.008,0.006,0.04,0.92
47,0.258,0.008,0.016,0.032,0.002,0.002,0.002,0.016,0.152,0.512
48,0.004,0.002,0.012,0.064,0.0,0.0,0.0,0.002,0.232,0.684
49,0.04,0.05,0.014,0.026,0.026,0.148,0.366,0.004,0.02,0.306
50,0.07,0.046,0.046,0.062,0.23,0.076,0.042,0.004,0.034,0.39
51,0.062,0.008,0.05,0.058,0.0,0.0,0.002,0.006,0.262,0.552
52,0.446,0.014,0.008,0.004,0.0,0.0,0.004,0.024,0.184,0.316
53,0.026,0.016,0.018,0.024,0.002,0.0,0.012,0.0,0.082,0.82
54,0.258,0.012,0.024,0.0,0.006,0.0,0.01,0.006,0.12,0.564
55,0.51,0.01,0.01,0.004,0.0,0.0,0.004,0.038,0.158,0.266
56,0.0,0.0,0.006,0.008,0.0,0.0,0.0,0.0,0.074,0.912
57,0.006,0.0,0.0,0.008,0.002,0.0,0.0,0.0,0.388,0.596
58,0.472,0.004,0.016,0.006,0.0,0.0,0.0,0.014,0.156,0.332
59,0.028,0.386,0.164,0.034,0.064,0.008,0.09,0.006,0.068,0.152
60,0.008,0.03,0.0,0.022,0.01,0.02,0.054,0.0,0.02,0.836
61,0.044,0.048,0.062,0.092,0.218,0.034,0.046,0.002,0.02,0.434
62,0.058,0.028,0.036,0.026,0.03,0.008,0.022,0.008,0.108,0.676
63,0.004,0.028,0.0,0.026,0.014,0.018,0.066,0.0,0.004,0.84
64,0.022,0.066,0.64,0.052,0.03,0.002,0.016,0.002,0.018,0.152
65,0.01,0.0,0.004,0.002,0.0,0.0,0.002,0.0,0.808,0.174
66,0.02,0.182,0.158,0.114,0.05,0.018,0.082,0.008,0.108,0.26
67,0.134,0.024,0.022,0.002,0.004,0.0,0.002,0.012,0.232,0.568
68,0.086,0.158,0.032,0.02,0.01,0.016,0.106,0.036,0.24,0.296
69,0.124,0.118,0.05,0.024,0.01,0.018,0.052,0.08,0.348,0.176
70,0.11,0.034,0.034,0.01,0.0,0.002,0.014,0.01,0.3,0.486
71,0.32,0.002,0.002,0.0,0.0,0.0,0.002,0.072,0.226,0.376
72,0.018,0.168,0.17,0.104,0.192,0.09,0.122,0.0,0.018,0.118
73,0.038,0.008,0.082,0.126,0.0,0.002,0.006,0.014,0.132,0.592
74,0.0,0.0,0.012,0.062,0.0,0.0,0.0,0.0,0.182,0.744
75,0.018,0.228,0.028,0.12,0.07,0.162,0.272,0.002,0.016,0.084
76,0.154,0.02,0.026,0.054,0.004,0.0,0.0,0.008,0.074,0.66
77,0.0,0.006,0.0,0.0,0.0,0.006,0.0,0.0,0.0,0.988
78,0.046,0.008,0.06,0.04,0.01,0.006,0.034,0.02,0.216,0.56
79,0.008,0.058,0.816,0.03,0.004,0.002,0.014,0.0,0.034,0.034
80,0.014,0.012,0.014,0.03,0.004,0.0,0.006,0.002,0.172,0.746
81,0.34,0.006,0.012,0.016,0.006,0.002,0.002,0.066,0.062,0.488
82,0.198,0.018,0.01,0.014,0.0,0.0,0.0,0.006,0.14,0.614
83,0.238,0.008,0.03,0.01,0.002,0.0,0.0,0.02,0.116,0.576
84,0.134,0.07,0.042,0.062,0.258,0.104,0.156,0.01,0.018,0.146
85,0.014,0.1,0.002,0.024,0.056,0.078,0.626,0.002,0.01,0.088
86,0.052,0.032,0.058,0.056,0.006,0.002,0.022,0.004,0.086,0.682
87,0.016,0.082,0.016,0.06,0.07,0.172,0.378,0.002,0.016,0.188
88,0.67,0.018,0.012,0.006,0.022,0.004,0.006,0.036,0.084,0.142
89,0.02,0.1,0.526,0.048,0.01,0.0,0.026,0.014,0.052,0.204
90,0.16,0.214,0.08,0.018,0.026,0.01,0.056,0.058,0.248,0.13
91,0.088,0.024,0.056,0.04,0.0,0.0,0.008,0.004,0.324,0.456
92,0.026,0.17,0.086,0.08,0.102,0.072,0.23,0.002,0.044,0.188
93,0.05,0.102,0.042,0.022,0.008,0.0,0.004,0.022,0.112,0.638
94,0.018,0.26,0.3,0.118,0.03,0.004,0.04,0.004,0.04,0.186
95,0.176,0.08,0.042,0.01,0.032,0.014,0.028,0.022,0.212,0.384
96,0.014,0.072,0.014,0.028,0.154,0.066,0.564,0.002,0.016,0.07
97,0.0,0.0,0.0,0.0,0.0,0.0,0.0,0.0,0.048,0.952
98,0.42,0.016,0.006,0.016,0.008,0.008,0.022,0.08,0.236,0.188
99,0.13,0.01,0.014,0.016,0.002,0.0,0.006,0.05,0.272,0.5
100,0.0,0.006,0.006,0.042,0.002,0.0,0.004,0.0,0.036,0.904
101,0.016,0.128,0.012,0.068,0.316,0.08,0.246,0.0,0.012,0.122
102,0.006,0.004,0.026,0.028,0.002,0.0,0.0,0.004,0.244,0.686
103,0.106,0.002,0.018,0.018,0.0,0.002,0.008,0.002,0.242,0.602
104,0.452,0.024,0.018,0.016,0.022,0.012,0.042,0.034,0.158,0.222
105,0.014,0.038,0.4,0.13,0.028,0.004,0.008,0.004,0.024,0.35
106,0.194,0.07,0.092,0.056,0.02,0.002,0.002,0.0,0.044,0.52
107,0.46,0.01,0.016,0.004,0.004,0.0,0.002,0.14,0.138,0.226
108,0.068,0.012,0.012,0.286,0.002,0.0,0.002,0.038,0.252,0.328
109,0.036,0.036,0.066,0.072,0.008,0.016,0.012,0.092,0.182,0.48
110,0.016,0.076,0.268,0.19,0.022,0.01,0.014,0.002,0.036,0.366
111,0.018,0.068,0.382,0.1,0.066,0.032,0.062,0.002,0.058,0.212
112,0.014,0.104,0.048,0.142,0.426,0.044,0.106,0.0,0.008,0.108
113,0.0,0.0,0.0,0.0,0.0,0.0,0.0,0.0,0.006,0.994
114,0.164,0.018,0.064,0.024,0.002,0.002,0.002,0.024,0.128,0.572
115,0.16,0.038,0.078,0.012,0.008,0.006,0.012,0.064,0.174,0.448
116,0.0,0.002,0.0,0.002,0.002,0.002,0.002,0.0,0.012,0.978
117,0.01,0.11,0.06,0.122,0.104,0.038,0.078,0.0,0.06,0.418
118,0.172,0.018,0.016,0.014,0.0,0.0,0.002,0.004,0.27,0.504
119,0.506,0.016,0.016,0.012,0.008,0.002,0.006,0.06,0.072,0.302
120,0.014,0.118,0.046,0.112,0.414,0.05,0.122,0.002,0.028,0.094
121,0.002,0.0,0.0,0.006,0.008,0.0,0.002,0.0,0.094,0.888
122,0.126,0.038,0.038,0.03,0.018,0.102,0.048,0.082,0.112,0.406
123,0.166,0.02,0.032,0.048,0.012,0.0,0.016,0.008,0.15,0.548
124,0.006,0.002,0.012,0.008,0.0,0.002,0.002,0.002,0.482,0.484
125,0.0,0.0,0.0,0.0,0.0,0.0,0.0,0.0,0.0,1.0
126,0.596,0.006,0.002,0.0,0.0,0.002,0.0,0.01,0.104,0.28
127,0.132,0.01,0.086,0.128,0.008,0.0,0.0,0.008,0.106,0.522
128,0.0,0.0,0.0,0.028,0.0,0.0,0.0,0.0,0.228,0.744
129,0.028,0.012,0.026,0.148,0.008,0.006,0.01,0.028,0.174,0.56
130,0.054,0.008,0.012,0.052,0.01,0.004,0.008,0.002,0.15,0.7
131,0.0,0.0,0.0,0.01,0.0,0.0,0.0,0.0,0.018,0.972
132,0.012,0.116,0.258,0.12,0.028,0.004,0.04,0.0,0.056,0.366
133,0.214,0.022,0.024,0.016,0.002,0.002,0.002,0.112,0.2,0.406
134,0.008,0.016,0.002,0.022,0.01,0.032,0.046,0.002,0.044,0.818
135,0.004,0.0,0.0,0.016,0.0,0.0,0.002,0.0,0.018,0.96
136,0.124,0.02,0.226,0.038,0.006,0.0,0.008,0.024,0.132,0.422
137,0.0,0.0,0.0,0.0,0.0,0.0,0.0,0.0,0.0,1.0
138,0.16,0.018,0.178,0.064,0.028,0.002,0.004,0.01,0.094,0.442
139,0.084,0.086,0.1,0.044,0.014,0.008,0.03,0.022,0.376,0.236
140,0.0,0.0,0.002,0.0,0.0,0.0,0.0,0.0,0.0,0.998
141,0.0,0.0,0.0,0.0,0.0,0.0,0.0,0.0,0.0,1.0
142,0.0,0.0,0.0,0.0,0.0,0.0,0.0,0.0,0.0,1.0
143,0.054,0.028,0.076,0.038,0.006,0.006,0.01,0.016,0.218,0.548
144,0.432,0.018,0.036,0.024,0.004,0.012,0.02,0.008,0.126,0.32
145,0.036,0.112,0.11,0.106,0.286,0.042,0.162,0.0,0.014,0.132
146,0.45,0.016,0.004,0.002,0.002,0.0,0.0,0.016,0.096,0.414
147,0.02,0.088,0.056,0.082,0.414,0.016,0.09,0.002,0.022,0.21
148,0.006,0.0,0.01,0.024,0.0,0.0,0.0,0.0,0.364,0.596
149,0.0,0.0,0.0,0.0,0.0,0.0,0.0,0.0,0.0,1.0
150,0.546,0.008,0.012,0.008,0.002,0.002,0.002,0.018,0.112,0.29
151,0.62,0.004,0.008,0.006,0.006,0.002,0.0,0.012,0.078,0.264
152,0.634,0.018,0.026,0.01,0.004,0.002,0.002,0.01,0.088,0.206
153,0.028,0.394,0.106,0.054,0.074,0.066,0.076,0.004,0.02,0.178
154,0.018,0.048,0.17,0.082,0.012,0.006,0.014,0.022,0.148,0.48
155,0.042,0.002,0.016,0.01,0.0,0.0,0.0,0.006,0.276,0.648
156,0.012,0.004,0.0,0.038,0.006,0.01,0.004,0.0,0.006,0.92
157,0.008,0.048,0.126,0.056,0.03,0.012,0.03,0.008,0.088,0.594
158,0.002,0.168,0.03,0.058,0.016,0.046,0.15,0.004,0.024,0.502
159,0.182,0.032,0.028,0.012,0.01,0.002,0.004,0.078,0.182,0.47
160,0.044,0.034,0.404,0.072,0.03,0.004,0.008,0.03,0.048,0.326
161,0.5,0.012,0.002,0.0,0.002,0.0,0.0,0.108,0.214,0.162
162,0.03,0.088,0.068,0.038,0.236,0.116,0.248,0.0,0.034,0.142
163,0.376,0.026,0.006,0.002,0.002,0.0,0.006,0.008,0.176,0.398
164,0.062,0.06,0.014,0.018,0.112,0.306,0.188,0.008,0.026,0.206
165,0.0,0.0,0.0,0.0,0.0,0.0,0.0,0.0,0.0,1.0
166,0.022,0.042,0.036,0.04,0.036,0.05,0.082,0.018,0.036,0.638
167,0.054,0.058,0.09,0.112,0.014,0.0,0.0,0.0,0.048,0.624
168,0.016,0.02,0.012,0.032,0.008,0.0,0.006,0.002,0.044,0.86
169,0.022,0.006,0.028,0.016,0.004,0.002,0.006,0.008,0.202,0.706
170,0.014,0.0,0.002,0.026,0.0,0.0,0.002,0.006,0.104,0.846
171,0.096,0.096,0.262,0.04,0.018,0.0,0.018,0.044,0.13,0.296
172,0.0,0.0,0.0,0.026,0.0,0.0,0.002,0.0,0.332,0.64
173,0.162,0.01,0.052,0.05,0.004,0.0,0.002,0.01,0.236,0.474
174,0.044,0.116,0.108,0.05,0.014,0.004,0.042,0.016,0.358,0.248
175,0.016,0.362,0.04,0.068,0.094,0.092,0.202,0.002,0.01,0.114
176,0.452,0.004,0.004,0.008,0.0,0.0,0.004,0.024,0.228,0.276
177,0.014,0.11,0.076,0.062,0.024,0.014,0.074,0.0,0.042,0.584
178,0.0,0.0,0.0,0.0,0.0,0.0,0.0,0.0,0.0,1.0
179,0.034,0.018,0.046,0.048,0.0,0.0,0.004,0.006,0.204,0.64
180,0.01,0.0,0.0,0.014,0.0,0.0,0.0,0.0,0.022,0.954
181,0.008,0.002,0.008,0.014,0.0,0.0,0.0,0.0,0.104,0.864
182,0.034,0.014,0.044,0.406,0.002,0.0,0.008,0.004,0.154,0.334
183,0.234,0.008,0.02,0.004,0.0,0.002,0.004,0.05,0.106,0.572
184,0.024,0.094,0.284,0.218,0.018,0.002,0.018,0.002,0.026,0.314
185,0.432,0.01,0.002,0.024,0.002,0.008,0.016,0.128,0.122,0.256
186,0.514,0.004,0.012,0.006,0.0,0.0,0.0,0.01,0.092,0.362
187,0.186,0.008,0.006,0.004,0.0,0.0,0.002,0.008,0.14,0.646
188,0.042,0.076,0.052,0.016,0.044,0.04,0.494,0.012,0.064,0.16
189,0.082,0.016,0.012,0.02,0.004,0.0,0.002,0.006,0.37,0.488
190,0.078,0.008,0.01,0.1,0.002,0.0,0.006,0.082,0.268,0.446
191,0.012,0.146,0.146,0.126,0.05,0.036,0.03,0.006,0.016,0.432
192,0.154,0.008,0.032,0.048,0.0,0.0,0.004,0.02,0.216,0.518
193,0.0,0.0,0.002,0.006,0.0,0.0,0.0,0.0,0.0,0.992
194,0.022,0.016,0.022,0.034,0.0,0.004,0.014,0.024,0.144,0.72
195,0.274,0.01,0.014,0.012,0.002,0.0,0.0,0.002,0.13,0.556
196,0.034,0.074,0.06,0.064,0.04,0.028,0.116,0.004,0.058,0.522
197,0.02,0.138,0.026,0.05,0.118,0.046,0.484,0.004,0.018,0.096
198,0.056,0.088,0.048,0.048,0.09,0.026,0.054,0.008,0.168,0.414
199,0.044,0.032,0.236,0.072,0.004,0.0,0.002,0.006,0.12,0.484
200,0.03,0.062,0.222,0.052,0.022,0.004,0.038,0.004,0.124,0.442
201,0.368,0.032,0.016,0.006,0.008,0.002,0.014,0.128,0.094,0.332
202,0.0,0.0,0.0,0.0,0.0,0.0,0.0,0.0,0.0,1.0
203,0.0,0.0,0.0,0.0,0.0,0.0,0.0,0.0,0.0,1.0
204,0.12,0.028,0.046,0.01,0.002,0.0,0.0,0.052,0.174,0.568
205,0.02,0.016,0.596,0.144,0.014,0.002,0.002,0.008,0.036,0.162
206,0.022,0.144,0.252,0.104,0.064,0.02,0.094,0.004,0.056,0.24
207,0.074,0.088,0.072,0.064,0.008,0.0,0.02,0.034,0.246,0.394
208,0.144,0.004,0.012,0.01,0.0,0.0,0.014,0.012,0.154,0.65
209,0.348,0.026,0.048,0.022,0.03,0.012,0.034,0.008,0.132,0.34
210,0.034,0.074,0.1,0.162,0.012,0.0,0.002,0.014,0.064,0.538
211,0.444,0.046,0.032,0.058,0.112,0.024,0.048,0.004,0.034,0.198
212,0.018,0.014,0.03,0.134,0.002,0.004,0.014,0.022,0.092,0.67
213,0.012,0.102,0.394,0.116,0.052,0.02,0.042,0.006,0.024,0.232
214,0.02,0.054,0.116,0.104,0.022,0.012,0.04,0.002,0.044,0.586
215,0.018,0.116,0.064,0.188,0.128,0.032,0.09,0.0,0.034,0.33
216,0.004,0.002,0.006,0.03,0.0,0.0,0.0,0.0,0.562,0.396
217,0.012,0.096,0.48,0.208,0.016,0.004,0.008,0.002,0.02,0.154
218,0.074,0.126,0.056,0.034,0.02,0.002,0.052,0.014,0.296,0.326
219,0.026,0.018,0.042,0.054,0.0,0.0,0.006,0.026,0.358,0.47
220,0.218,0.026,0.012,0.006,0.002,0.0,0.002,0.0,0.052,0.682
221,0.032,0.07,0.07,0.038,0.048,0.176,0.05,0.042,0.066,0.408
222,0.564,0.006,0.006,0.0,0.0,0.0,0.002,0.02,0.174,0.228
223,0.18,0.004,0.022,0.028,0.008,0.004,0.0,0.088,0.246,0.42
224,0.202,0.086,0.02,0.004,0.016,0.004,0.0,0.036,0.12,0.512
225,0.024,0.126,0.388,0.154,0.024,0.002,0.014,0.0,0.014,0.254
226,0.132,0.056,0.032,0.032,0.144,0.036,0.088,0.012,0.072,0.396
227,0.006,0.006,0.01,0.036,0.012,0.018,0.032,0.0,0.058,0.822
228,0.166,0.024,0.032,0.016,0.002,0.0,0.01,0.144,0.246,0.36
229,0.016,0.216,0.088,0.072,0.146,0.062,0.294,0.004,0.008,0.094
230,0.006,0.12,0.06,0.152,0.376,0.034,0.082,0.0,0.024,0.146
231,0.134,0.06,0.026,0.024,0.072,0.006,0.02,0.002,0.054,0.602
232,0.0,0.0,0.0,0.0,0.0,0.0,0.0,0.0,0.0,1.0
233,0.04,0.056,0.306,0.232,0.008,0.002,0.0,0.006,0.086,0.264
234,0.39,0.008,0.014,0.0,0.0,0.0,0.002,0.038,0.168,0.38
235,0.0,0.0,0.0,0.0,0.0,0.0,0.0,0.0,0.002,0.998
236,0.01,0.172,0.112,0.086,0.04,0.03,0.038,0.008,0.02,0.484
237,0.004,0.0,0.0,0.0,0.002,0.0,0.0,0.0,0.0,0.994
238,0.002,0.0,0.0,0.004,0.002,0.002,0.002,0.0,0.006,0.982
239,0.124,0.048,0.218,0.018,0.01,0.0,0.006,0.02,0.104,0.452
240,0.286,0.008,0.036,0.02,0.004,0.0,0.002,0.014,0.22,0.41
241,0.016,0.012,0.022,0.1,0.014,0.006,0.022,0.006,0.07,0.732
242,0.034,0.15,0.292,0.028,0.036,0.022,0.122,0.03,0.108,0.178
243,0.41,0.006,0.002,0.004,0.004,0.002,0.01,0.122,0.144,0.296
244,0.052,0.102,0.03,0.06,0.072,0.06,0.146,0.002,0.032,0.444
245,0.206,0.04,0.118,0.038,0.028,0.002,0.002,0.03,0.126,0.41
246,0.482,0.012,0.004,0.012,0.002,0.002,0.006,0.086,0.168,0.226
247,0.006,0.006,0.01,0.03,0.004,0.008,0.042,0.0,0.03,0.864
248,0.066,0.044,0.052,0.05,0.078,0.016,0.074,0.01,0.174,0.436
249,0.01,0.11,0.036,0.064,0.404,0.052,0.172,0.004,0.024,0.124
250,0.01,0.092,0.026,0.022,0.096,0.104,0.588,0.0,0.004,0.058
251,0.31,0.014,0.038,0.004,0.002,0.002,0.006,0.04,0.126,0.458
252,0.096,0.004,0.01,0.012,0.0,0.0,0.004,0.008,0.158,0.708
253,0.352,0.008,0.008,0.01,0.004,0.002,0.008,0.022,0.084,0.502
254,0.106,0.01,0.026,0.022,0.002,0.01,0.006,0.038,0.26,0.52
255,0.05,0.014,0.02,0.016,0.004,0.0,0.004,0.004,0.388,0.5
256,0.024,0.274,0.236,0.024,0.014,0.0,0.024,0.022,0.122,0.26
257,0.018,0.014,0.032,0.022,0.026,0.01,0.028,0.0,0.048,0.802
258,0.036,0.126,0.03,0.024,0.058,0.128,0.442,0.002,0.018,0.136
259,0.002,0.0,0.0,0.004,0.0,0.0,0.0,0.0,0.01,0.984
260,0.276,0.028,0.03,0.028,0.002,0.0,0.004,0.008,0.218,0.406
261,0.2,0.04,0.01,0.004,0.004,0.0,0.0,0.01,0.11,0.622
262,0.352,0.012,0.008,0.002,0.002,0.002,0.002,0.05,0.116,0.454
263,0.006,0.006,0.006,0.004,0.008,0.008,0.014,0.002,0.098,0.848
264,0.034,0.114,0.252,0.152,0.004,0.0,0.05,0.006,0.164,0.224
265,0.01,0.01,0.026,0.032,0.022,0.004,0.014,0.004,0.096,0.782
266,0.01,0.104,0.594,0.126,0.018,0.0,0.018,0.002,0.028,0.1
267,0.0,0.0,0.0,0.0,0.0,0.0,0.0,0.0,0.0,1.0
268,0.0,0.0,0.0,0.004,0.0,0.0,0.0,0.0,0.004,0.992
269,0.314,0.028,0.01,0.012,0.004,0.0,0.006,0.01,0.15,0.466
270,0.272,0.048,0.038,0.032,0.048,0.014,0.034,0.016,0.096,0.402
271,0.106,0.012,0.034,0.016,0.0,0.0,0.004,0.01,0.188,0.63
272,0.144,0.012,0.026,0.034,0.006,0.0,0.006,0.012,0.186,0.574
273,0.06,0.026,0.034,0.042,0.0,0.0,0.0,0.006,0.304,0.528
274,0.022,0.036,0.236,0.088,0.024,0.008,0.014,0.024,0.142,0.406
275,0.256,0.018,0.036,0.028,0.002,0.0,0.002,0.012,0.064,0.582
276,0.022,0.008,0.016,0.03,0.004,0.0,0.004,0.004,0.224,0.688
277,0.01,0.036,0.008,0.018,0.028,0.152,0.114,0.002,0.014,0.618
278,0.018,0.116,0.576,0.034,0.022,0.004,0.008,0.0,0.032,0.19
279,0.012,0.294,0.152,0.074,0.092,0.06,0.136,0.006,0.044,0.13
280,0.058,0.1,0.058,0.038,0.088,0.084,0.274,0.012,0.134,0.154
281,0.474,0.018,0.03,0.004,0.004,0.0,0.0,0.062,0.14,0.268
282,0.344,0.012,0.032,0.006,0.008,0.0,0.0,0.05,0.268,0.28
283,0.536,0.012,0.002,0.0,0.004,0.0,0.008,0.016,0.056,0.366
284,0.08,0.006,0.038,0.038,0.004,0.0,0.002,0.002,0.098,0.732
285,0.07,0.086,0.058,0.044,0.014,0.006,0.006,0.018,0.08,0.618
286,0.29,0.018,0.012,0.008,0.002,0.002,0.004,0.236,0.132,0.296
287,0.006,0.052,0.018,0.012,0.1,0.378,0.138,0.004,0.004,0.288
288,0.204,0.008,0.106,0.036,0.014,0.002,0.014,0.036,0.132,0.448
289,0.402,0.022,0.03,0.008,0.0,0.0,0.002,0.01,0.12,0.406
290,0.02,0.118,0.012,0.024,0.096,0.384,0.244,0.002,0.006,0.094
291,0.002,0.074,0.01,0.048,0.014,0.042,0.066,0.0,0.038,0.706
292,0.3,0.042,0.02,0.014,0.006,0.002,0.006,0.026,0.09,0.494
293,0.122,0.014,0.028,0.026,0.008,0.002,0.0,0.018,0.22,0.562
294,0.044,0.01,0.132,0.054,0.008,0.0,0.004,0.012,0.208,0.528
295,0.128,0.02,0.066,0.074,0.004,0.0,0.0,0.004,0.07,0.634
296,0.1,0.06,0.052,0.032,0.024,0.004,0.024,0.014,0.304,0.386
297,0.0,0.0,0.0,0.0,0.0,0.0,0.0,0.0,0.0,1.0
298,0.126,0.036,0.06,0.078,0.026,0.0,0.02,0.004,0.09,0.56
299,0.104,0.0,0.012,0.076,0.0,0.0,0.0,0.01,0.312,0.486
300,0.002,0.002,0.0,0.01,0.0,0.0,0.002,0.0,0.4,0.584
301,0.002,0.018,0.002,0.008,0.012,0.018,0.024,0.0,0.022,0.894
302,0.06,0.022,0.066,0.026,0.002,0.0,0.004,0.004,0.438,0.378
303,0.372,0.02,0.014,0.002,0.0,0.0,0.0,0.028,0.094,0.47
304,0.008,0.0,0.002,0.008,0.0,0.0,0.0,0.0,0.648,0.334
305,0.032,0.038,0.446,0.04,0.002,0.002,0.002,0.024,0.118,0.296
306,0.004,0.0,0.004,0.014,0.0,0.0,0.0,0.002,0.554,0.422
307,0.532,0.026,0.018,0.006,0.008,0.002,0.006,0.05,0.122,0.23
308,0.01,0.042,0.006,0.018,0.068,0.314,0.288,0.004,0.02,0.23
309,0.012,0.006,0.022,0.018,0.0,0.0,0.004,0.002,0.13,0.806
310,0.022,0.02,0.064,0.108,0.006,0.01,0.044,0.048,0.18,0.498
311,0.05,0.156,0.038,0.024,0.06,0.038,0.414,0.002,0.076,0.142
312,0.074,0.002,0.018,0.016,0.0,0.0,0.0,0.008,0.174,0.708
313,0.116,0.01,0.012,0.028,0.024,0.0,0.004,0.008,0.068,0.73
314,0.238,0.034,0.014,0.004,0.0,0.0,0.0,0.012,0.194,0.504
315,0.0,0.0,0.0,0.0,0.0,0.0,0.0,0.0,0.0,1.0
316,0.002,0.0,0.0,0.004,0.0,0.0,0.0,0.0,0.0,0.994
317,0.0,0.0,0.0,0.0,0.0,0.0,0.0,0.0,0.0,1.0
318,0.0,0.0,0.0,0.0,0.0,0.0,0.0,0.0,0.0,1.0
319,0.026,0.044,0.01,0.038,0.044,0.144,0.12,0.0,0.03,0.544
320,0.008,0.164,0.036,0.06,0.066,0.102,0.148,0.006,0.044,0.366
321,0.058,0.058,0.12,0.106,0.118,0.024,0.028,0.0,0.074,0.414
322,0.0,0.0,0.002,0.008,0.0,0.0,0.0,0.0,0.148,0.842
323,0.238,0.022,0.016,0.01,0.004,0.0,0.0,0.01,0.234,0.466
324,0.064,0.01,0.004,0.102,0.014,0.014,0.036,0.02,0.092,0.644
325,0.06,0.032,0.014,0.016,0.134,0.354,0.13,0.006,0.026,0.228
326,0.004,0.006,0.026,0.016,0.004,0.002,0.012,0.0,0.066,0.864
327,0.006,0.302,0.048,0.168,0.142,0.066,0.136,0.0,0.016,0.116
328,0.024,0.12,0.084,0.354,0.154,0.014,0.03,0.0,0.018,0.202
329,0.002,0.008,0.004,0.022,0.0,0.0,0.0,0.0,0.258,0.706
330,0.0,0.0,0.0,0.0,0.0,0.0,0.0,0.0,0.0,1.0
331,0.076,0.014,0.052,0.058,0.004,0.0,0.006,0.006,0.204,0.58
332,0.132,0.082,0.204,0.06,0.0,0.0,0.01,0.024,0.138,0.35
333,0.0,0.0,0.0,0.0,0.0,0.0,0.0,0.0,0.832,0.168
334,0.066,0.004,0.006,0.044,0.0,0.0,0.004,0.048,0.218,0.61
335,0.038,0.104,0.066,0.134,0.368,0.044,0.114,0.002,0.012,0.118
336,0.452,0.022,0.014,0.0,0.01,0.002,0.014,0.112,0.144,0.23
337,0.078,0.014,0.11,0.058,0.01,0.004,0.002,0.018,0.13,0.576
338,0.016,0.022,0.006,0.116,0.008,0.016,0.044,0.024,0.132,0.616
339,0.004,0.0,0.002,0.008,0.0,0.0,0.0,0.0,0.08,0.906
340,0.152,0.038,0.07,0.024,0.002,0.002,0.0,0.028,0.098,0.586
341,0.0,0.0,0.002,0.006,0.0,0.0,0.0,0.0,0.0,0.992
342,0.22,0.02,0.014,0.002,0.0,0.0,0.0,0.032,0.068,0.644
343,0.03,0.126,0.336,0.122,0.074,0.01,0.072,0.004,0.066,0.16
344,0.308,0.044,0.012,0.02,0.026,0.008,0.018,0.028,0.044,0.492
345,0.022,0.22,0.126,0.04,0.138,0.022,0.198,0.014,0.05,0.17
346,0.288,0.008,0.05,0.018,0.004,0.002,0.006,0.006,0.108,0.51
347,0.058,0.004,0.028,0.016,0.0,0.0,0.002,0.008,0.34,0.544
348,0.018,0.094,0.53,0.048,0.03,0.0,0.036,0.008,0.08,0.156
349,0.026,0.014,0.014,0.012,0.012,0.002,0.008,0.012,0.056,0.844
350,0.0,0.002,0.0,0.0,0.0,0.0,0.0,0.0,0.0,0.998
351,0.346,0.022,0.014,0.006,0.0,0.0,0.002,0.034,0.304,0.272
352,0.468,0.004,0.01,0.006,0.002,0.0,0.008,0.024,0.138,0.34
353,0.14,0.044,0.036,0.026,0.004,0.002,0.008,0.046,0.162,0.532
354,0.0,0.002,0.002,0.008,0.0,0.002,0.0,0.002,0.086,0.898
355,0.22,0.016,0.022,0.008,0.0,0.0,0.002,0.022,0.234,0.476
356,0.004,0.13,0.038,0.03,0.084,0.12,0.508,0.004,0.016,0.066
357,0.026,0.09,0.01,0.028,0.116,0.498,0.146,0.0,0.01,0.076
358,0.166,0.038,0.036,0.022,0.0,0.0,0.002,0.014,0.054,0.668
359,0.256,0.016,0.02,0.008,0.0,0.0,0.0,0.04,0.118,0.542
360,0.086,0.084,0.032,0.026,0.014,0.006,0.022,0.08,0.362,0.288
361,0.004,0.002,0.0,0.014,0.0,0.0,0.002,0.0,0.422,0.556
362,0.244,0.032,0.052,0.098,0.162,0.026,0.102,0.006,0.05,0.228
363,0.008,0.004,0.012,0.006,0.01,0.002,0.008,0.002,0.238,0.71
364,0.052,0.01,0.012,0.024,0.0,0.006,0.01,0.078,0.448,0.36
365,0.042,0.046,0.354,0.116,0.002,0.002,0.002,0.012,0.118,0.306
366,0.012,0.0,0.018,0.018,0.0,0.0,0.002,0.0,0.08,0.87
367,0.0,0.0,0.0,0.0,0.0,0.0,0.0,0.0,0.0,1.0
368,0.0,0.0,0.0,0.0,0.0,0.0,0.0,0.0,0.0,1.0
369,0.012,0.002,0.004,0.05,0.004,0.0,0.004,0.0,0.086,0.838
370,0.1,0.018,0.044,0.03,0.006,0.0,0.002,0.06,0.18,0.56
371,0.002,0.008,0.016,0.002,0.0,0.004,0.012,0.004,0.098,0.854
372,0.02,0.008,0.016,0.012,0.008,0.0,0.006,0.006,0.118,0.806
373,0.03,0.03,0.034,0.114,0.01,0.008,0.016,0.036,0.092,0.63
374,0.142,0.018,0.024,0.01,0.0,0.0,0.002,0.022,0.06,0.722
375,0.0,0.0,0.0,0.0,0.0,0.0,0.0,0.0,0.002,0.998
376,0.002,0.0,0.002,0.01,0.0,0.002,0.0,0.0,0.054,0.93
377,0.128,0.03,0.024,0.028,0.002,0.0,0.016,0.018,0.594,0.16
378,0.036,0.008,0.016,0.008,0.002,0.0,0.006,0.004,0.192,0.728
379,0.012,0.238,0.332,0.138,0.012,0.0,0.034,0.002,0.05,0.182
380,0.022,0.212,0.064,0.192,0.124,0.046,0.15,0.0,0.034,0.156
381,0.02,0.292,0.222,0.086,0.042,0.066,0.144,0.002,0.02,0.106
382,0.02,0.148,0.326,0.108,0.042,0.012,0.082,0.006,0.074,0.182
383,0.028,0.288,0.13,0.06,0.056,0.08,0.058,0.008,0.038,0.254
384,0.182,0.12,0.13,0.014,0.01,0.0,0.012,0.054,0.216,0.262
385,0.006,0.004,0.004,0.028,0.0,0.0,0.0,0.0,0.158,0.8
386,0.018,0.086,0.058,0.034,0.294,0.154,0.164,0.0,0.016,0.176
387,0.046,0.024,0.218,0.088,0.014,0.0,0.004,0.012,0.106,0.488
388,0.006,0.002,0.038,0.036,0.006,0.002,0.002,0.006,0.144,0.758
389,0.144,0.012,0.044,0.032,0.0,0.0,0.008,0.016,0.212,0.532
390,0.01,0.012,0.042,0.026,0.0,0.0,0.0,0.008,0.234,0.668
391,0.066,0.05,0.04,0.036,0.068,0.012,0.064,0.018,0.26,0.386
392,0.008,0.006,0.018,0.036,0.0,0.01,0.002,0.004,0.054,0.862
393,0.026,0.146,0.086,0.142,0.312,0.026,0.044,0.0,0.016,0.202
394,0.03,0.078,0.33,0.28,0.012,0.002,0.0,0.006,0.042,0.22
395,0.198,0.008,0.0,0.006,0.002,0.008,0.018,0.094,0.192,0.474
396,0.114,0.08,0.034,0.054,0.022,0.006,0.012,0.02,0.108,0.55
397,0.0,0.0,0.0,0.0,0.0,0.0,0.0,0.0,0.002,0.998
398,0.016,0.008,0.016,0.052,0.002,0.0,0.008,0.014,0.096,0.788
399,0.08,0.072,0.03,0.022,0.096,0.268,0.142,0.034,0.054,0.202
400,0.154,0.006,0.054,0.056,0.008,0.0,0.0,0.018,0.078,0.626
401,0.056,0.13,0.104,0.042,0.038,0.018,0.188,0.028,0.22,0.176
402,0.17,0.01,0.16,0.048,0.002,0.0,0.006,0.002,0.108,0.494
403,0.058,0.038,0.044,0.064,0.466,0.038,0.094,0.006,0.038,0.154
404,0.026,0.052,0.056,0.114,0.142,0.026,0.016,0.004,0.038,0.526
405,0.194,0.014,0.042,0.054,0.008,0.0,0.004,0.008,0.046,0.63
406,0.09,0.016,0.038,0.01,0.002,0.0,0.006,0.024,0.19,0.624
407,0.064,0.122,0.226,0.08,0.012,0.0,0.01,0.006,0.096,0.384
408,0.026,0.004,0.02,0.012,0.0,0.0,0.002,0.004,0.218,0.714
409,0.058,0.052,0.024,0.01,0.012,0.0,0.002,0.01,0.082,0.75
410,0.002,0.0,0.002,0.002,0.0,0.0,0.0,0.0,0.056,0.938
411,0.116,0.016,0.262,0.076,0.016,0.0,0.002,0.014,0.11,0.388
412,0.002,0.0,0.0,0.004,0.0,0.0,0.0,0.0,0.046,0.948
413,0.002,0.0,0.004,0.002,0.0,0.0,0.0,0.0,0.744,0.248
414,0.43,0.048,0.022,0.042,0.154,0.036,0.07,0.004,0.022,0.172
415,0.188,0.038,0.016,0.02,0.0,0.0,0.01,0.024,0.158,0.546
416,0.01,0.01,0.016,0.036,0.002,0.0,0.01,0.006,0.056,0.854
417,0.002,0.0,0.0,0.004,0.0,0.0,0.002,0.0,0.074,0.918
418,0.01,0.004,0.01,0.01,0.0,0.0,0.0,0.0,0.146,0.82
419,0.014,0.12,0.56,0.03,0.028,0.004,0.03,0.014,0.048,0.152
420,0.004,0.0,0.0,0.0,0.002,0.0,0.0,0.0,0.0,0.994
421,0.008,0.0,0.014,0.026,0.0,0.0,0.0,0.0,0.192,0.76
422,0.048,0.106,0.016,0.028,0.148,0.126,0.398,0.002,0.024,0.104
423,0.044,0.052,0.144,0.086,0.006,0.0,0.014,0.002,0.142,0.51
424,0.01,0.028,0.004,0.016,0.006,0.024,0.038,0.0,0.026,0.848
425,0.18,0.012,0.044,0.056,0.01,0.004,0.01,0.012,0.154,0.518
426,0.208,0.018,0.008,0.0,0.0,0.0,0.002,0.042,0.088,0.634
427,0.054,0.006,0.014,0.062,0.002,0.0,0.0,0.01,0.202,0.65
428,0.0,0.0,0.0,0.0,0.0,0.0,0.0,0.0,0.0,1.0
429,0.524,0.012,0.006,0.002,0.0,0.0,0.006,0.08,0.08,0.29
430,0.01,0.022,0.0,0.008,0.004,0.014,0.018,0.0,0.034,0.89
431,0.002,0.006,0.028,0.008,0.008,0.0,0.008,0.004,0.074,0.862
432,0.15,0.062,0.052,0.116,0.164,0.024,0.068,0.0,0.04,0.324
433,0.14,0.002,0.016,0.01,0.0,0.0,0.004,0.006,0.118,0.704
434,0.02,0.1,0.278,0.08,0.03,0.01,0.094,0.012,0.128,0.248
435,0.014,0.09,0.036,0.126,0.5,0.036,0.064,0.004,0.01,0.12
436,0.096,0.008,0.034,0.038,0.0,0.0,0.0,0.012,0.09,0.722
437,0.014,0.06,0.006,0.038,0.09,0.092,0.578,0.004,0.012,0.106
438,0.01,0.104,0.024,0.024,0.084,0.272,0.158,0.008,0.026,0.29
439,0.04,0.006,0.01,0.026,0.004,0.0,0.008,0.004,0.08,0.822
440,0.026,0.002,0.008,0.098,0.002,0.0,0.0,0.008,0.388,0.468
441,0.02,0.238,0.056,0.19,0.158,0.058,0.218,0.0,0.004,0.058
442,0.048,0.004,0.034,0.018,0.002,0.0,0.004,0.01,0.334,0.546
443,0.228,0.018,0.078,0.03,0.002,0.002,0.01,0.032,0.246,0.354
444,0.162,0.042,0.026,0.004,0.002,0.0,0.0,0.008,0.09,0.666
445,0.006,0.018,0.006,0.088,0.006,0.01,0.008,0.002,0.024,0.832
446,0.008,0.0,0.016,0.006,0.008,0.002,0.006,0.002,0.19,0.762
447,0.0,0.002,0.002,0.004,0.0,0.006,0.0,0.0,0.0,0.986
448,0.014,0.238,0.074,0.156,0.22,0.028,0.186,0.002,0.004,0.078
449,0.02,0.02,0.408,0.136,0.008,0.016,0.026,0.01,0.07,0.286
450,0.0,0.0,0.0,0.002,0.0,0.0,0.0,0.0,0.0,0.998
451,0.008,0.008,0.012,0.054,0.002,0.0,0.008,0.002,0.062,0.844
452,0.002,0.0,0.0,0.002,0.0,0.0,0.0,0.0,0.046,0.95
453,0.004,0.0,0.0,0.002,0.002,0.0,0.0,0.0,0.836,0.156
454,0.014,0.076,0.036,0.084,0.4,0.03,0.148,0.002,0.03,0.18
455,0.026,0.02,0.028,0.132,0.028,0.016,0.028,0.02,0.088,0.614
456,0.024,0.072,0.132,0.194,0.126,0.048,0.026,0.0,0.024,0.354
457,0.056,0.112,0.13,0.048,0.008,0.004,0.074,0.052,0.3,0.216
458,0.014,0.094,0.348,0.186,0.016,0.002,0.018,0.0,0.032,0.29
459,0.024,0.058,0.494,0.12,0.024,0.004,0.016,0.002,0.018,0.24
460,0.006,0.002,0.012,0.014,0.002,0.008,0.0,0.004,0.048,0.904
461,0.546,0.004,0.014,0.004,0.0,0.0,0.0,0.036,0.086,0.31
462,0.022,0.044,0.116,0.162,0.008,0.002,0.008,0.004,0.142,0.492
463,0.0,0.0,0.0,0.004,0.002,0.0,0.0,0.0,0.006,0.988
464,0.012,0.064,0.048,0.03,0.074,0.316,0.166,0.012,0.024,0.254
465,0.03,0.182,0.072,0.04,0.092,0.04,0.084,0.0,0.102,0.358
466,0.008,0.02,0.066,0.106,0.004,0.002,0.012,0.0,0.046,0.736
467,0.08,0.04,0.22,0.052,0.002,0.0,0.004,0.02,0.184,0.398
468,0.014,0.276,0.036,0.094,0.12,0.13,0.176,0.0,0.016,0.138
469,0.388,0.024,0.006,0.008,0.006,0.002,0.012,0.108,0.17,0.276
470,0.028,0.246,0.028,0.17,0.09,0.052,0.236,0.0,0.022,0.128
471,0.098,0.01,0.224,0.03,0.014,0.004,0.002,0.008,0.112,0.498
472,0.166,0.012,0.006,0.012,0.002,0.002,0.006,0.02,0.068,0.706
473,0.016,0.042,0.372,0.158,0.02,0.002,0.004,0.0,0.044,0.342
474,0.006,0.004,0.0,0.0,0.002,0.0,0.0,0.0,0.002,0.986
475,0.05,0.082,0.04,0.054,0.32,0.102,0.204,0.0,0.022,0.126
476,0.012,0.048,0.564,0.18,0.012,0.002,0.006,0.0,0.022,0.154
477,0.006,0.006,0.012,0.022,0.002,0.004,0.01,0.012,0.036,0.89
478,0.008,0.242,0.086,0.034,0.076,0.052,0.252,0.0,0.054,0.196
479,0.106,0.014,0.008,0.014,0.002,0.0,0.0,0.004,0.082,0.77
480,0.026,0.156,0.34,0.1,0.048,0.004,0.094,0.008,0.024,0.2
481,0.02,0.036,0.002,0.056,0.046,0.072,0.064,0.002,0.02,0.682
482,0.014,0.008,0.026,0.014,0.008,0.0,0.012,0.004,0.214,0.7
483,0.042,0.016,0.042,0.024,0.002,0.0,0.0,0.0,0.228,0.646
484,0.028,0.002,0.02,0.018,0.006,0.0,0.002,0.004,0.262,0.658
485,0.02,0.016,0.014,0.014,0.0,0.002,0.006,0.014,0.154,0.76
486,0.012,0.092,0.022,0.024,0.074,0.118,0.516,0.002,0.03,0.11
487,0.02,0.112,0.062,0.078,0.016,0.012,0.038,0.01,0.052,0.6
488,0.068,0.15,0.074,0.062,0.11,0.068,0.206,0.01,0.078,0.174
489,0.07,0.034,0.018,0.022,0.006,0.002,0.004,0.004,0.204,0.636
490,0.04,0.046,0.394,0.072,0.014,0.002,0.008,0.01,0.09,0.324
491,0.078,0.114,0.074,0.056,0.026,0.004,0.034,0.05,0.202,0.362
492,0.006,0.036,0.024,0.004,0.002,0.008,0.014,0.002,0.014,0.89
493,0.066,0.072,0.038,0.052,0.004,0.0,0.008,0.01,0.22,0.53
494,0.474,0.024,0.01,0.006,0.014,0.004,0.012,0.068,0.224,0.164
495,0.04,0.06,0.056,0.08,0.366,0.022,0.078,0.002,0.032,0.264
496,0.028,0.032,0.042,0.048,0.002,0.002,0.004,0.004,0.246,0.592
497,0.08,0.01,0.012,0.036,0.002,0.0,0.0,0.002,0.12,0.738
498,0.06,0.026,0.232,0.18,0.004,0.0,0.0,0.008,0.158,0.332
499,0.098,0.026,0.056,0.012,0.004,0.0,0.004,0.022,0.252,0.526
500,0.032,0.002,0.004,0.032,0.006,0.002,0.004,0.006,0.352,0.56
501,0.378,0.002,0.008,0.006,0.0,0.0,0.0,0.034,0.242,0.33
502,0.006,0.004,0.032,0.03,0.0,0.002,0.004,0.0,0.204,0.718
503,0.018,0.064,0.066,0.054,0.016,0.046,0.066,0.114,0.142,0.414
504,0.022,0.136,0.116,0.07,0.068,0.046,0.078,0.0,0.026,0.438
505,0.206,0.018,0.172,0.042,0.01,0.0,0.0,0.016,0.17,0.366
506,0.264,0.044,0.07,0.016,0.004,0.0,0.012,0.056,0.152,0.382
507,0.454,0.014,0.03,0.016,0.02,0.01,0.024,0.01,0.114,0.308
508,0.0,0.002,0.0,0.004,0.0,0.0,0.0,0.0,0.162,0.832
509,0.502,0.018,0.004,0.01,0.006,0.01,0.012,0.076,0.206,0.156
510,0.088,0.052,0.026,0.036,0.012,0.004,0.016,0.012,0.182,0.572
511,0.022,0.188,0.046,0.024,0.024,0.188,0.36,0.012,0.016,0.12
512,0.022,0.06,0.174,0.124,0.022,0.026,0.016,0.008,0.02,0.528
513,0.18,0.028,0.018,0.024,0.002,0.0,0.0,0.006,0.172,0.57
514,0.028,0.316,0.088,0.028,0.054,0.014,0.174,0.014,0.156,0.128
515,0.09,0.016,0.27,0.066,0.004,0.0,0.002,0.014,0.146,0.392
516,0.084,0.084,0.032,0.032,0.168,0.136,0.2,0.014,0.048,0.202
517,0.264,0.028,0.014,0.02,0.026,0.004,0.022,0.058,0.39,0.174
518,0.024,0.15,0.036,0.014,0.048,0.08,0.526,0.004,0.038,0.08
519,0.362,0.024,0.01,0.032,0.008,0.02,0.026,0.108,0.188,0.222
520,0.0,0.0,0.0,0.014,0.002,0.0,0.0,0.0,0.214,0.77
521,0.048,0.052,0.066,0.046,0.012,0.042,0.028,0.102,0.142,0.462
522,0.016,0.21,0.22,0.066,0.048,0.006,0.2,0.004,0.064,0.166
523,0.004,0.0,0.0,0.0,0.002,0.0,0.0,0.0,0.0,0.994
524,0.02,0.18,0.088,0.058,0.094,0.064,0.172,0.006,0.03,0.288
525,0.024,0.17,0.246,0.09,0.088,0.028,0.186,0.002,0.024,0.142
526,0.014,0.29,0.238,0.078,0.05,0.098,0.08,0.0,0.012,0.14
527,0.022,0.002,0.01,0.362,0.002,0.0,0.0,0.008,0.148,0.446
528,0.514,0.014,0.03,0.004,0.006,0.0,0.002,0.022,0.14,0.268
529,0.01,0.128,0.09,0.086,0.018,0.028,0.038,0.006,0.024,0.572
530,0.02,0.084,0.118,0.116,0.446,0.018,0.046,0.0,0.01,0.142
531,0.068,0.012,0.028,0.02,0.002,0.0,0.0,0.016,0.328,0.526
532,0.488,0.018,0.008,0.008,0.008,0.0,0.002,0.09,0.066,0.312
533,0.004,0.056,0.012,0.036,0.078,0.14,0.088,0.0,0.014,0.572
534,0.254,0.014,0.008,0.012,0.0,0.0,0.002,0.006,0.062,0.642
535,0.256,0.02,0.026,0.022,0.006,0.004,0.014,0.11,0.352,0.19
536,0.04,0.104,0.078,0.078,0.036,0.028,0.07,0.02,0.242,0.304
537,0.016,0.008,0.026,0.066,0.0,0.002,0.02,0.02,0.18,0.662
538,0.04,0.04,0.068,0.038,0.0,0.0,0.0,0.024,0.198,0.592
539,0.028,0.048,0.182,0.398,0.01,0.0,0.002,0.012,0.064,0.256
540,0.048,0.064,0.06,0.042,0.024,0.056,0.106,0.022,0.11,0.468
541,0.006,0.034,0.002,0.024,0.014,0.016,0.046,0.0,0.004,0.854
542,0.092,0.006,0.042,0.046,0.0,0.0,0.002,0.002,0.278,0.532
543,0.272,0.018,0.03,0.052,0.0,0.002,0.002,0.02,0.104,0.5
544,0.112,0.006,0.02,0.024,0.014,0.0,0.008,0.004,0.13,0.682
545,0.014,0.084,0.006,0.022,0.126,0.544,0.086,0.0,0.008,0.11
546,0.218,0.012,0.01,0.012,0.002,0.022,0.006,0.222,0.138,0.358
547,0.028,0.13,0.062,0.068,0.386,0.034,0.204,0.002,0.01,0.076
548,0.024,0.114,0.358,0.108,0.044,0.068,0.07,0.0,0.006,0.208
549,0.07,0.014,0.03,0.016,0.0,0.0,0.008,0.04,0.436,0.386
550,0.014,0.328,0.074,0.122,0.092,0.076,0.206,0.004,0.014,0.07
551,0.446,0.008,0.006,0.004,0.004,0.0,0.004,0.102,0.196,0.23
552,0.332,0.014,0.024,0.004,0.002,0.0,0.002,0.03,0.244,0.348
553,0.002,0.0,0.0,0.0,0.002,0.0,0.0,0.0,0.004,0.992
554,0.032,0.006,0.026,0.024,0.002,0.002,0.006,0.002,0.144,0.756
555,0.006,0.014,0.048,0.006,0.006,0.004,0.014,0.002,0.036,0.864
556,0.108,0.016,0.26,0.076,0.022,0.002,0.004,0.016,0.09,0.406
557,0.03,0.072,0.024,0.03,0.022,0.11,0.414,0.012,0.048,0.238
558,0.13,0.046,0.096,0.032,0.038,0.006,0.008,0.012,0.102,0.53
559,0.506,0.012,0.004,0.0,0.0,0.0,0.006,0.096,0.206,0.17
560,0.256,0.042,0.028,0.008,0.0,0.0,0.014,0.078,0.272,0.302
561,0.0,0.0,0.0,0.004,0.0,0.0,0.0,0.0,0.0,0.996
562,0.282,0.026,0.018,0.028,0.002,0.0,0.0,0.032,0.074,0.538
563,0.216,0.002,0.03,0.01,0.0,0.0,0.004,0.02,0.138,0.58
564,0.068,0.02,0.02,0.062,0.012,0.002,0.004,0.002,0.094,0.716
565,0.01,0.06,0.018,0.026,0.008,0.012,0.02,0.002,0.032,0.812
566,0.304,0.016,0.01,0.006,0.0,0.0,0.004,0.012,0.272,0.376
567,0.096,0.04,0.028,0.05,0.314,0.034,0.058,0.002,0.08,0.298
568,0.014,0.184,0.1,0.25,0.182,0.046,0.122,0.0,0.006,0.096
569,0.056,0.084,0.04,0.068,0.206,0.152,0.09,0.01,0.034,0.26
570,0.01,0.076,0.006,0.05,0.016,0.04,0.07,0.002,0.062,0.668
571,0.496,0.002,0.006,0.006,0.002,0.0,0.0,0.01,0.07,0.408
572,0.0,0.0,0.0,0.0,0.0,0.0,0.0,0.0,0.0,1.0
573,0.038,0.062,0.024,0.074,0.418,0.124,0.142,0.002,0.02,0.096
574,0.028,0.0,0.0,0.062,0.0,0.002,0.0,0.038,0.146,0.724
575,0.01,0.002,0.002,0.028,0.0,0.0,0.0,0.0,0.22,0.738
576,0.0,0.002,0.0,0.0,0.0,0.0,0.0,0.0,0.0,0.998
577,0.0,0.0,0.0,0.004,0.0,0.002,0.002,0.0,0.01,0.982
578,0.008,0.002,0.004,0.004,0.0,0.0,0.0,0.0,0.116,0.866
579,0.132,0.016,0.014,0.008,0.0,0.0,0.002,0.018,0.168,0.642
580,0.162,0.026,0.06,0.024,0.016,0.002,0.006,0.004,0.302,0.398
581,0.01,0.006,0.008,0.01,0.006,0.002,0.008,0.006,0.078,0.866
582,0.0,0.0,0.0,0.0,0.0,0.0,0.0,0.0,0.0,1.0
583,0.016,0.158,0.054,0.03,0.04,0.05,0.534,0.004,0.024,0.09
584,0.0,0.0,0.0,0.006,0.0,0.0,0.0,0.0,0.004,0.99
585,0.054,0.056,0.108,0.052,0.032,0.018,0.064,0.18,0.144,0.292
586,0.032,0.004,0.014,0.03,0.0,0.0,0.002,0.026,0.212,0.68
587,0.208,0.036,0.08,0.048,0.01,0.0,0.012,0.026,0.188,0.392
588,0.2,0.012,0.014,0.022,0.004,0.0,0.006,0.002,0.256,0.484
589,0.004,0.002,0.016,0.01,0.002,0.012,0.002,0.004,0.036,0.912
590,0.07,0.03,0.102,0.042,0.01,0.0,0.008,0.002,0.262,0.474
591,0.118,0.006,0.008,0.124,0.004,0.006,0.01,0.066,0.2,0.458
592,0.012,0.072,0.014,0.032,0.012,0.012,0.064,0.002,0.046,0.734
593,0.406,0.01,0.01,0.006,0.006,0.0,0.004,0.05,0.128,0.38
594,0.214,0.03,0.022,0.02,0.086,0.014,0.09,0.01,0.076,0.438
595,0.026,0.248,0.048,0.214,0.134,0.062,0.188,0.002,0.002,0.076
596,0.012,0.042,0.654,0.112,0.022,0.004,0.014,0.01,0.038,0.092
597,0.0,0.0,0.0,0.0,0.0,0.0,0.0,0.0,0.0,1.0
598,0.12,0.042,0.036,0.014,0.034,0.004,0.028,0.006,0.056,0.66
599,0.142,0.018,0.06,0.036,0.018,0.008,0.03,0.088,0.196,0.404
600,0.186,0.09,0.024,0.026,0.02,0.002,0.044,0.058,0.274,0.276
601,0.49,0.008,0.012,0.008,0.004,0.0,0.008,0.186,0.148,0.136
602,0.014,0.112,0.296,0.032,0.038,0.022,0.136,0.02,0.106,0.224
603,0.09,0.002,0.02,0.004,0.0,0.0,0.0,0.004,0.398,0.482
604,0.004,0.0,0.0,0.004,0.0,0.0,0.0,0.0,0.064,0.928
605,0.38,0.016,0.016,0.012,0.0,0.0,0.004,0.018,0.236,0.318
606,0.316,0.016,0.02,0.0,0.0,0.0,0.0,0.012,0.296,0.34
607,0.002,0.018,0.008,0.016,0.016,0.01,0.038,0.004,0.106,0.782
608,0.016,0.008,0.018,0.056,0.0,0.002,0.03,0.008,0.06,0.802
609,0.008,0.01,0.012,0.004,0.0,0.004,0.012,0.0,0.09,0.86
610,0.112,0.03,0.072,0.06,0.012,0.0,0.006,0.022,0.064,0.622
611,0.012,0.042,0.01,0.006,0.006,0.01,0.002,0.002,0.036,0.874
612,0.006,0.014,0.008,0.056,0.0,0.002,0.002,0.008,0.038,0.866
613,0.108,0.024,0.022,0.038,0.01,0.014,0.026,0.074,0.152,0.532
614,0.088,0.046,0.088,0.038,0.02,0.002,0.018,0.02,0.264,0.416
615,0.282,0.03,0.026,0.026,0.052,0.026,0.06,0.07,0.084,0.344
616,0.644,0.012,0.01,0.002,0.0,0.0,0.0,0.014,0.096,0.222
617,0.0,0.002,0.0,0.0,0.0,0.004,0.0,0.0,0.0,0.994
618,0.1,0.008,0.014,0.038,0.008,0.0,0.004,0.006,0.046,0.776
619,0.004,0.044,0.63,0.056,0.016,0.004,0.022,0.024,0.062,0.138
620,0.118,0.002,0.01,0.004,0.0,0.002,0.002,0.018,0.438,0.406
621,0.022,0.184,0.088,0.096,0.118,0.078,0.168,0.006,0.052,0.188
622,0.09,0.01,0.01,0.078,0.0,0.002,0.002,0.042,0.236,0.53
623,0.024,0.106,0.116,0.074,0.012,0.044,0.116,0.006,0.108,0.394
624,0.04,0.026,0.1,0.042,0.004,0.008,0.034,0.068,0.466,0.212
625,0.054,0.14,0.092,0.04,0.136,0.056,0.148,0.004,0.09,0.24
626,0.372,0.004,0.004,0.01,0.0,0.0,0.012,0.112,0.11,0.376
627,0.004,0.03,0.008,0.046,0.012,0.016,0.026,0.0,0.026,0.832
628,0.008,0.03,0.06,0.022,0.002,0.0,0.004,0.0,0.07,0.804
629,0.066,0.002,0.006,0.052,0.0,0.006,0.008,0.012,0.202,0.646
630,0.008,0.004,0.018,0.004,0.006,0.002,0.004,0.004,0.224,0.726
631,0.252,0.012,0.018,0.008,0.0,0.002,0.0,0.044,0.274,0.39
632,0.018,0.012,0.018,0.052,0.0,0.0,0.002,0.002,0.232,0.664
633,0.484,0.004,0.014,0.004,0.002,0.002,0.0,0.026,0.08,0.384
634,0.026,0.238,0.1,0.032,0.046,0.002,0.05,0.012,0.224,0.27
635,0.426,0.0,0.006,0.0,0.0,0.0,0.004,0.034,0.25,0.28
636,0.034,0.074,0.104,0.114,0.02,0.01,0.07,0.01,0.08,0.484
637,0.0,0.002,0.0,0.0,0.002,0.0,0.0,0.0,0.028,0.968
638,0.064,0.02,0.022,0.01,0.0,0.0,0.004,0.012,0.35,0.518
639,0.04,0.008,0.022,0.032,0.016,0.002,0.002,0.006,0.15,0.722
640,0.008,0.01,0.062,0.024,0.014,0.004,0.016,0.002,0.098,0.762
641,0.528,0.002,0.004,0.006,0.008,0.0,0.008,0.066,0.19,0.188
642,0.016,0.36,0.104,0.044,0.03,0.008,0.124,0.01,0.142,0.162
643,0.012,0.01,0.022,0.014,0.002,0.0,0.01,0.002,0.148,0.78
644,0.086,0.004,0.01,0.01,0.0,0.0,0.0,0.016,0.334,0.54
645,0.016,0.0,0.008,0.2,0.002,0.0,0.002,0.01,0.154,0.608
646,0.016,0.1,0.012,0.044,0.054,0.038,0.408,0.006,0.048,0.274
647,0.028,0.002,0.014,0.01,0.002,0.0,0.0,0.01,0.316,0.618
648,0.044,0.064,0.02,0.058,0.078,0.138,0.2,0.002,0.022,0.374
649,0.068,0.03,0.048,0.08,0.346,0.024,0.07,0.0,0.038,0.296
650,0.006,0.002,0.006,0.002,0.0,0.0,0.002,0.0,0.764,0.218
651,0.002,0.008,0.004,0.016,0.016,0.004,0.008,0.002,0.036,0.904
652,0.026,0.178,0.236,0.086,0.062,0.098,0.118,0.0,0.02,0.176
653,0.154,0.09,0.02,0.006,0.016,0.004,0.006,0.016,0.116,0.572
654,0.344,0.014,0.004,0.008,0.0,0.002,0.002,0.026,0.372,0.228
655,0.006,0.094,0.004,0.038,0.04,0.162,0.44,0.008,0.01,0.198
656,0.108,0.038,0.012,0.016,0.006,0.0,0.0,0.02,0.15,0.65
657,0.428,0.006,0.01,0.006,0.0,0.0,0.0,0.014,0.09,0.446
658,0.02,0.01,0.018,0.008,0.004,0.004,0.014,0.006,0.076,0.84
659,0.158,0.008,0.026,0.01,0.0,0.002,0.0,0.008,0.166,0.622
660,0.42,0.008,0.024,0.008,0.0,0.0,0.002,0.104,0.162,0.272
661,0.246,0.04,0.008,0.002,0.002,0.0,0.006,0.018,0.128,0.55
662,0.008,0.056,0.056,0.088,0.01,0.004,0.026,0.006,0.05,0.696
663,0.312,0.014,0.006,0.0,0.0,0.0,0.002,0.012,0.11,0.544
664,0.132,0.046,0.042,0.012,0.006,0.002,0.014,0.002,0.194,0.55
665,0.464,0.004,0.004,0.002,0.002,0.0,0.008,0.07,0.09,0.356
666,0.006,0.01,0.034,0.05,0.006,0.008,0.018,0.008,0.06,0.8
667,0.026,0.034,0.072,0.082,0.028,0.04,0.04,0.072,0.042,0.564
668,0.056,0.08,0.01,0.068,0.068,0.1,0.274,0.004,0.016,0.324
669,0.016,0.008,0.014,0.064,0.006,0.002,0.012,0.002,0.192,0.684
670,0.624,0.016,0.004,0.0,0.0,0.004,0.0,0.0,0.094,0.258
671,0.012,0.174,0.06,0.036,0.23,0.048,0.196,0.004,0.044,0.196
672,0.014,0.196,0.372,0.17,0.012,0.006,0.034,0.004,0.026,0.166
673,0.034,0.216,0.17,0.062,0.046,0.002,0.038,0.012,0.144,0.276
674,0.058,0.108,0.048,0.02,0.016,0.006,0.014,0.022,0.224,0.484
675,0.008,0.008,0.018,0.022,0.018,0.004,0.012,0.002,0.082,0.826
676,0.324,0.002,0.0,0.0,0.002,0.0,0.006,0.008,0.066,0.592
677,0.056,0.004,0.016,0.016,0.002,0.0,0.006,0.004,0.322,0.574
678,0.018,0.028,0.204,0.072,0.022,0.004,0.016,0.008,0.128,0.5
679,0.026,0.03,0.034,0.034,0.458,0.082,0.064,0.002,0.026,0.244
680,0.002,0.028,0.038,0.016,0.006,0.006,0.03,0.0,0.02,0.854
681,0.022,0.244,0.184,0.028,0.016,0.0,0.034,0.02,0.146,0.306
682,0.03,0.056,0.57,0.094,0.034,0.0,0.018,0.006,0.044,0.148
683,0.32,0.006,0.016,0.002,0.0,0.0,0.002,0.086,0.226,0.342
684,0.116,0.084,0.062,0.03,0.012,0.0,0.006,0.024,0.11,0.556
685,0.036,0.07,0.064,0.058,0.454,0.05,0.132,0.002,0.004,0.13
686,0.08,0.044,0.016,0.044,0.002,0.004,0.01,0.02,0.2,0.58
687,0.276,0.002,0.006,0.008,0.0,0.006,0.012,0.098,0.066,0.526
688,0.55,0.004,0.022,0.002,0.0,0.0,0.0,0.028,0.152,0.242
689,0.074,0.004,0.01,0.006,0.0,0.0,0.002,0.002,0.396,0.506
690,0.476,0.002,0.004,0.01,0.0,0.0,0.002,0.016,0.132,0.358
691,0.024,0.27,0.052,0.148,0.15,0.046,0.166,0.002,0.016,0.126
692,0.066,0.006,0.022,0.016,0.002,0.0,0.002,0.008,0.226,0.652
693,0.27,0.012,0.046,0.036,0.0,0.0,0.004,0.018,0.254,0.36
694,0.014,0.112,0.034,0.022,0.058,0.324,0.214,0.012,0.016,0.194
695,0.036,0.116,0.23,0.304,0.07,0.008,0.032,0.0,0.014,0.19
696,0.478,0.022,0.012,0.008,0.018,0.01,0.026,0.1,0.12,0.206
697,0.0,0.0,0.0,0.0,0.0,0.0,0.0,0.0,0.0,1.0
698,0.074,0.04,0.046,0.056,0.368,0.074,0.064,0.002,0.026,0.25
699,0.016,0.224,0.064,0.2,0.096,0.058,0.166,0.002,0.026,0.148
700,0.0,0.0,0.0,0.0,0.0,0.0,0.0,0.0,0.0,1.0
701,0.124,0.054,0.006,0.022,0.006,0.0,0.006,0.006,0.08,0.696
702,0.32,0.018,0.006,0.004,0.0,0.0,0.0,0.008,0.074,0.57
703,0.308,0.022,0.014,0.012,0.0,0.0,0.006,0.078,0.258,0.302
704,0.012,0.116,0.046,0.036,0.072,0.222,0.126,0.016,0.02,0.334
705,0.002,0.008,0.0,0.006,0.002,0.0,0.012,0.0,0.134,0.836
706,0.002,0.008,0.002,0.012,0.006,0.036,0.02,0.0,0.004,0.91
707,0.01,0.0,0.008,0.104,0.006,0.0,0.002,0.01,0.182,0.678
708,0.0,0.0,0.0,0.0,0.0,0.0,0.0,0.0,0.0,1.0
709,0.094,0.008,0.026,0.01,0.002,0.0,0.002,0.004,0.288,0.566
710,0.006,0.0,0.006,0.0,0.0,0.0,0.0,0.0,0.786,0.202
711,0.014,0.05,0.072,0.088,0.02,0.07,0.098,0.02,0.074,0.494
712,0.012,0.122,0.108,0.064,0.146,0.07,0.16,0.006,0.046,0.266
713,0.052,0.05,0.088,0.074,0.224,0.044,0.048,0.004,0.072,0.344
714,0.002,0.006,0.018,0.008,0.002,0.002,0.008,0.0,0.076,0.878
715,0.024,0.132,0.018,0.026,0.098,0.466,0.142,0.0,0.008,0.086
716,0.254,0.014,0.008,0.008,0.0,0.002,0.006,0.11,0.232,0.366
717,0.278,0.0,0.008,0.002,0.0,0.0,0.002,0.042,0.062,0.606
718,0.0,0.0,0.002,0.0,0.0,0.0,0.0,0.0,0.0,0.998
719,0.162,0.002,0.038,0.038,0.0,0.002,0.0,0.014,0.19,0.554
720,0.018,0.346,0.284,0.042,0.046,0.004,0.054,0.002,0.072,0.132
721,0.016,0.184,0.07,0.3,0.172,0.038,0.08,0.0,0.014,0.126
722,0.058,0.006,0.048,0.034,0.002,0.0,0.0,0.0,0.228,0.624
723,0.048,0.008,0.046,0.074,0.002,0.002,0.004,0.058,0.254,0.504
724,0.032,0.316,0.29,0.052,0.04,0.004,0.036,0.004,0.086,0.14
725,0.086,0.006,0.016,0.008,0.002,0.0,0.0,0.008,0.124,0.75
726,0.034,0.104,0.09,0.07,0.284,0.104,0.084,0.0,0.018,0.212
727,0.38,0.008,0.01,0.002,0.0,0.0,0.006,0.076,0.076,0.442
728,0.076,0.066,0.392,0.03,0.006,0.0,0.014,0.016,0.106,0.294
729,0.086,0.058,0.062,0.024,0.016,0.004,0.046,0.082,0.372,0.25
730,0.002,0.0,0.004,0.024,0.0,0.0,0.002,0.0,0.08,0.888
731,0.032,0.032,0.098,0.046,0.026,0.02,0.032,0.0,0.018,0.696
732,0.002,0.024,0.124,0.042,0.004,0.0,0.006,0.006,0.106,0.686
733,0.05,0.0,0.04,0.014,0.0,0.0,0.004,0.006,0.216,0.67
734,0.088,0.048,0.02,0.024,0.008,0.004,0.026,0.02,0.526,0.236
735,0.046,0.012,0.008,0.006,0.0,0.004,0.0,0.016,0.342,0.566
736,0.026,0.0,0.004,0.026,0.0,0.0,0.006,0.0,0.176,0.762
737,0.048,0.076,0.062,0.084,0.01,0.02,0.078,0.048,0.148,0.426
738,0.004,0.002,0.004,0.222,0.004,0.002,0.002,0.004,0.194,0.562
739,0.032,0.012,0.014,0.046,0.004,0.0,0.004,0.008,0.144,0.736
740,0.106,0.062,0.02,0.08,0.066,0.08,0.244,0.016,0.058,0.268
741,0.0,0.0,0.0,0.0,0.0,0.0,0.0,0.0,0.0,1.0
742,0.292,0.026,0.018,0.024,0.01,0.008,0.01,0.096,0.306,0.21
743,0.0,0.0,0.0,0.0,0.0,0.006,0.0,0.0,0.0,0.994
744,0.032,0.174,0.246,0.108,0.046,0.014,0.12,0.006,0.102,0.152
745,0.008,0.002,0.002,0.012,0.004,0.0,0.002,0.0,0.148,0.822
746,0.018,0.006,0.02,0.07,0.008,0.0,0.002,0.002,0.156,0.718
747,0.068,0.136,0.09,0.086,0.148,0.042,0.23,0.006,0.046,0.148
748,0.038,0.238,0.128,0.04,0.094,0.01,0.276,0.008,0.032,0.136
749,0.496,0.018,0.008,0.002,0.0,0.0,0.002,0.072,0.134,0.268
750,0.122,0.03,0.03,0.024,0.0,0.002,0.0,0.004,0.196,0.592
751,0.004,0.0,0.0,0.0,0.002,0.0,0.0,0.0,0.0,0.994
752,0.044,0.09,0.058,0.098,0.308,0.096,0.092,0.002,0.016,0.196
753,0.016,0.006,0.016,0.018,0.0,0.002,0.004,0.004,0.062,0.872
754,0.0,0.0,0.0,0.002,0.0,0.0,0.0,0.0,0.002,0.996
755,0.038,0.0,0.018,0.018,0.002,0.0,0.008,0.0,0.238,0.678
756,0.006,0.046,0.506,0.152,0.01,0.0,0.03,0.01,0.046,0.194
757,0.016,0.0,0.002,0.006,0.002,0.004,0.006,0.006,0.032,0.926
758,0.014,0.014,0.0,0.028,0.036,0.022,0.048,0.004,0.062,0.772
759,0.006,0.002,0.004,0.314,0.002,0.0,0.0,0.004,0.152,0.516
